def_id,vocab_id,def,def_lang
1,1,time,EN
2,2,company; corporation,EN
3,2,workplace,EN
4,3,telephone call; phone call,EN
5,3,telephone (device); phone,EN
6,4,today; this day,EN
7,4,these days; recently; nowadays,EN
8,5,photograph; photo; picture; snapshot; snap,EN
9,5,movie,EN
10,6,all; entire; whole; altogether,EN
11,7,"post-secondary education institution, incl. university, college, etc.",EN
12,7,former central university of Kyoto (established under the ritsuryo system for the training of government administrators),EN
13,8,sentence; article; composition,EN
14,8,(writing) style,EN
15,9,question (e.g. on a test); problem,EN
16,9,"problem (e.g. societal, political); question; issue; subject (e.g. of research); case; matter",EN
17,10,travel; trip,EN
18,11,home; family; household,EN
19,12,school,EN
20,13,question; inquiry; enquiry,EN
21,14,number; series of digits,EN
22,15,this year,EN
23,16,marriage,EN
24,17,myself; yourself; oneself; himself; herself,EN
25,17,I; me,EN
26,18,newspaper,EN
27,19,work; job; business; occupation; employment; vocation; task,EN
28,19,work,EN
29,20,student (esp. a university student),EN
30,21,for one thing,EN
31,22,name; full name,EN
32,22,given name; first name,EN
33,23,teacher; master; doctor,EN
34,24,one person,EN
35,24,alone; unmarried; solitary,EN
36,25,movie; film,EN
37,26,page,EN
38,27,sport; sports,EN
39,28,"this (indicating an item near the speaker, the action of the speaker, or the current topic)",EN
40,28,this person (usu. indicating someone in one's in-group),EN
41,29,back; behind; rear,EN
42,30,cooking; cookery; cuisine,EN
43,30,dealing with something; handling; administration; management,EN
44,31,family; members of a family,EN
45,32,all; everyone; everybody,EN
46,32,everything,EN
47,33,every day,EN
48,34,meaning; significance,EN
49,35,music; musical movement,EN
50,36,shopping; purchased goods,EN
51,37,watch; clock; timepiece,EN
52,38,country; state,EN
53,38,region,EN
54,39,hand; arm,EN
55,39,forepaw; foreleg,EN
56,40,behind; rear,EN
57,40,after; later,EN
58,41,I; me,EN
59,41,private affairs; personal matter; secrecy,EN
60,42,road; street; way; path; course; route; lane,EN
61,42,"distance; ways (e.g. ""a long ways"")",EN
62,43,tree; shrub; bush,EN
63,43,wood; timber,EN
64,44,year,EN
65,44,age; years,EN
66,45,what,EN
67,46,sea; ocean; waters,EN
68,47,flower; blossom; bloom; petal,EN
69,47,cherry blossom,EN
70,48,colour; color,EN
71,48,complexion,EN
72,49,small quantity; little; few; something,EN
73,49,little while,EN
74,50,bank,EN
75,51,automobile,EN
76,52,room; chamber,EN
77,52,apartment; flat; pad,EN
78,53,child; children,EN
79,54,black,EN
80,54,black go stone,EN
81,55,north,EN
82,55,the North; northern territories,EN
83,56,west,EN
84,57,two persons; two people; pair; couple,EN
85,58,south,EN
86,59,below; down; under; younger (e.g. daughter),EN
87,59,bottom,EN
88,60,now; the present time; just now; soon; immediately; (one) more,EN
89,61,electricity,EN
90,61,(electric) light,EN
91,62,together,EN
92,62,at the same time,EN
93,63,news,EN
94,64,foot,EN
95,64,leg,EN
96,65,voice,EN
97,66,garden; yard; courtyard,EN
98,66,field (of action); area,EN
99,67,friend; companion,EN
100,68,blue,EN
101,68,green,EN
102,69,language; dialect,EN
103,69,word; words; phrase; term; expression; remark,EN
104,70,map,EN
105,71,bicycle,EN
106,72,girl; daughter,EN
107,72,young woman,EN
108,73,town; block; neighbourhood; neighborhood,EN
109,73,street; road,EN
110,74,evening; night,EN
111,75,"here (place physically close to the speaker, place pointed by the speaker while explaining); this place",EN
112,75,these last (followed by a duration noun and a past sentence: time period before the present time of the speaker),EN
113,76,spring; springtime,EN
114,76,New Year,EN
115,77,English (language),EN
116,78,talk; speech; chat; story; conversation,EN
117,78,discussions; negotiation; argument,EN
118,79,"that (indicating an item or person near the listener, the action of the listener, or something on their mind); it",EN
119,79,that time; then,EN
120,80,box; case; chest; package; pack,EN
121,80,"car (of a train, etc.)",EN
122,81,hospital,EN
123,82,half; semi-,EN
124,82,half-past,EN
125,83,journal; magazine; periodical,EN
126,84,tomorrow,EN
127,84,near future,EN
128,85,desk,EN
129,86,animal,EN
130,87,foreign country,EN
131,88,same; identical; equal; uniform; equivalent; similar; common (origin); changeless; alike,EN
132,89,purse; handbag; wallet,EN
133,90,important; necessary; indispensable,EN
134,90,beloved; precious; dear; cherished; valuable,EN
135,91,clothes (esp. Western clothes),EN
136,92,classroom,EN
137,92,department; laboratory,EN
138,93,(public) park,EN
139,94,right; right hand side,EN
140,94,afore-mentioned (esp. in vertical Japanese writing); foregoing; forgoing; above,EN
141,95,fame,EN
142,96,song,EN
143,96,classical Japanese poetry (esp. tanka),EN
144,97,village,EN
145,98,liking; fondness; love,EN
146,99,(medical) doctor; physician,EN
147,100,shoes; boots; footwear; footgear,EN
148,101,yesterday,EN
149,102,number one; first; first place,EN
150,103,entranceway; entry hall; vestibule; foyer; entryway; mud room,EN
151,104,siblings; brothers and sisters,EN
152,104,brothers,EN
153,105,you (referring to someone of equal or lower status),EN
154,105,dear (what a wife calls a husband),EN
155,106,autumn; fall,EN
156,107,dog (Canis (lupus) familiaris),EN
157,107,"snoop (i.e. a detective, a spy, etc.)",EN
158,108,practice; practising,EN
159,109,study,EN
160,109,diligence,EN
161,110,rain,EN
162,111,snow,EN
163,112,money,EN
164,113,the vertical; height,EN
165,113,front-to-back; length,EN
166,114,exit; gateway; way out; outlet; leak; vent,EN
167,115,river; stream,EN
168,116,when; how soon,EN
169,117,afternoon; p.m.,EN
170,118,"corner (e.g. desk, pavement)",EN
171,118,edge,EN
172,119,flesh,EN
173,119,meat,EN
174,120,key,EN
175,120,lock,EN
176,121,beginning; start; outset; opening,EN
177,121,"first (in line, etc.)",EN
178,122,remainder; rest; balance; remains; scraps; residue; remnant,EN
179,123,station,EN
180,124,adult,EN
181,125,horizontal (as opposed to vertical); lying down,EN
182,125,side-to-side (as opposed to front-to-back); width; breadth,EN
183,126,weather; the elements,EN
184,126,fair weather; fine weather,EN
185,127,camera,EN
186,128,"other (place, thing, person); the rest",EN
187,128,outside; beyond,EN
188,129,television; TV,EN
189,129,TV program; TV programme; TV broadcast,EN
190,130,last year,EN
191,131,train; electric train,EN
192,132,this month,EN
193,133,morning; a.m.,EN
194,134,morning,EN
195,135,immense; enormous; great,EN
196,136,lively; full of spirit; energetic; vigorous; vital; spirited,EN
197,136,healthy; well; fit; in good health,EN
198,137,river; stream,EN
199,138,vegetable,EN
200,139,table,EN
201,140,"that (indicating something distant from both speaker and listener (in space, time or psychologically), or something understood without naming it directly)",EN
202,140,that person (used to refer to one's equals or inferiors),EN
203,141,illness; disease; sickness,EN
204,142,boy; male child; baby boy,EN
205,143,splendid; nice; wonderful; delicious; sweet,EN
206,144,police box; small neighborhood police station,EN
207,144,alternation; alternating (e.g. current),EN
208,145,first day of the month,EN
209,145,first ten days of the lunar month,EN
210,146,one day,EN
211,146,first day of the month,EN
212,147,pet,EN
213,147,trumpet,EN
214,148,near; close; beside; vicinity; proximity; besides; while,EN
215,148,third person,EN
216,149,building,EN
217,150,rest; recess; respite,EN
218,150,vacation; holiday; absence; suspension,EN
219,151,shirt (underwear); undershirt; singlet,EN
220,151,"shirt (outerwear, esp. dress shirt)",EN
221,152,paper,EN
222,153,next year,EN
223,154,hat; cap,EN
224,155,skill; skillful; dexterity,EN
225,155,flattery,EN
226,156,foreigner; foreign citizen; foreign national; alien; non-Japanese,EN
227,157,winter,EN
228,158,cleaning; sweeping; dusting; scrubbing,EN
229,159,all; everyone; everybody,EN
230,160,bag; satchel; briefcase; basket,EN
231,161,truth; reality; actuality; fact,EN
232,162,this week,EN
233,163,coat,EN
234,163,"court (i.e. tennis, basketball, etc.)",EN
235,164,food,EN
236,165,library,EN
237,166,yellow; amber,EN
238,167,washing; laundry,EN
239,168,beginning; start; outset; opening,EN
240,168,"first (in line, etc.)",EN
241,169,younger sister,EN
242,170,window,EN
243,171,lesson; class work; teaching; instruction,EN
244,172,who,EN
245,173,ear,EN
246,173,hearing,EN
247,174,aeroplane; airplane; aircraft,EN
248,175,every year; yearly; annually,EN
249,176,Western-style clothes (cf traditional Japanese clothes),EN
250,177,stairs; stairway; staircase,EN
251,178,button,EN
252,179,green,EN
253,179,greenery (esp. fresh verdure),EN
254,180,pupil,EN
255,181,tea (usu. green),EN
256,181,tea break (at work),EN
257,182,second day of the month,EN
258,182,two days,EN
259,183,parents; both parents,EN
260,184,this way (direction close to the speaker or towards the speaker); this direction,EN
261,184,here (place close to the speaker or where the speaker is),EN
262,185,every week,EN
263,186,fish,EN
264,187,mother,EN
265,188,sometimes; at times,EN
266,189,letter,EN
267,190,gate,EN
268,190,branch of learning based on the teachings of a single master,EN
269,191,summer vacation; summer holiday,EN
270,192,picture; drawing; painting; sketch,EN
271,193,last month,EN
272,194,the tenth day of the month,EN
273,194,ten days,EN
274,195,every month; each month; monthly,EN
275,196,the seventh day of the month,EN
276,196,seven days,EN
277,197,kitchen,EN
278,197,financial situation,EN
279,198,"writing (an essay, prose, etc.); composition",EN
280,198,formal writing with little real meaning,EN
281,199,the ninth day of the month,EN
282,199,nine days,EN
283,200,next month,EN
284,201,fruit,EN
285,202,the eighth day of the month,EN
286,202,eight days,EN
287,203,spectacles; glasses,EN
288,203,judgement; discrimination; discernment; insight,EN
289,204,underground train; subway,EN
290,205,evening; dusk,EN
291,206,zero; nought,EN
292,207,door (esp. Japanese-style),EN
293,207,shutter; window shutter,EN
294,208,a lot; lots; plenty; many; a large number; much; a great deal; a good deal,EN
295,208,enough; sufficient,EN
296,209,refrigerator,EN
297,210,chair; stool,EN
298,210,post; office; position,EN
299,211,many; crowd; great number of people,EN
300,212,dislike; hate,EN
301,212,suspicion; tendency; smack (of),EN
302,213,overseas student; exchange student; foreign exchange student; transfer student,EN
303,214,father; dad; papa; pa; pop; daddy; dada,EN
304,215,beef,EN
305,216,bus,EN
306,216,bath,EN
307,217,bird,EN
308,217,bird meat (esp. chicken meat); fowl; poultry,EN
309,218,last week; the week before,EN
310,219,bridge,EN
311,220,bed,EN
312,221,light brown; tawny,EN
313,222,pond,EN
314,223,next week,EN
315,224,embassy,EN
316,225,police officer; policeman; constable,EN
317,226,noon; midday,EN
318,226,daytime,EN
319,227,walk; stroll,EN
320,228,person,EN
321,229,book; volume; script,EN
322,230,inside; in,EN
323,230,among; within,EN
324,231,above; up; over; elder (e.g. daughter),EN
325,231,top; summit,EN
326,232,Chinese characters; kanji,EN
327,233,younger brother; little brother; kid brother,EN
328,233,pupil; apprentice,EN
329,234,female; woman; female sex,EN
330,234,female lover; girlfriend; mistress; (someone's) woman,EN
331,235,pocket,EN
332,236,ago; before (some event); previously; (minutes) to (the hour),EN
333,236,in front (of); before (e.g. the house),EN
334,237,direction; way,EN
335,237,person; lady; gentleman,EN
336,238,eye; eyeball,EN
337,238,eyesight; sight; vision,EN
338,239,thing; object; article; stuff; substance,EN
339,239,one's things; possessions; property; belongings,EN
340,240,dictionary; lexicon,EN
341,240,letter of resignation,EN
342,241,luggage; baggage; package,EN
343,241,burden,EN
344,242,man; male,EN
345,242,fellow; guy; chap; bloke,EN
346,243,place; spot; scene; site,EN
347,243,address,EN
348,244,previous; prior; former; first; earlier; some time ago; preceding,EN
349,244,point (e.g. pencil); tip; end; nozzle,EN
350,245,clear weather; fine weather,EN
351,245,formal; ceremonial; public,EN
352,246,year before last,EN
353,247,Wednesday,EN
354,247,shaved ice (served with flavored syrup),EN
355,248,medicine; pharmaceuticals; (legal) drugs,EN
356,248,"efficacious chemical (i.e. gunpowder, pesticide, etc.)",EN
357,249,head,EN
358,249,hair (on one's head),EN
359,250,myriad,EN
360,251,white,EN
361,251,striped mullet fry (Mugil cephalus),EN
362,252,chopsticks,EN
363,253,car; automobile; vehicle,EN
364,253,wheel,EN
365,254,store; shop; establishment; restaurant,EN
366,255,post office,EN
367,256,disagreeable; detestable; unpleasant; reluctant,EN
368,257,unskillful; poor; awkward,EN
369,257,imprudent; untactful,EN
370,258,always; usually; every time,EN
371,258,never,EN
372,259,coffee,EN
373,260,older sister; elder sister,EN
374,261,hotel,EN
375,262,stamp (postage); merchandise certificate,EN
376,263,summer,EN
377,264,grandfather,EN
378,264,old man,EN
379,265,neighbor (neighbour); next to (esp. living next door to),EN
380,266,mountain; hill,EN
381,266,mine (e.g. coal mine),EN
382,267,movie theatre; movie theater; cinema,EN
383,268,(cow's) milk,EN
384,269,common cold; cold; influenza; flu; ague,EN
385,270,nose,EN
386,271,crossing; intersection,EN
387,272,sugar,EN
388,273,coat; tunic; jacket; outer garment,EN
389,274,tooth,EN
390,275,eggs; egg; spawn; roe,EN
391,275,hen egg,EN
392,276,opposite side; other side; opposite direction,EN
393,276,over there; that way; far away; beyond,EN
394,277,salt (i.e. sodium chloride); common salt; table salt,EN
395,277,"salt (e.g. sodium chloride, calcium sulfate, etc.)",EN
396,278,bread; pastries (e.g. croissants); pastry-based products,EN
397,278,pan; frying pan,EN
398,279,corridor; hallway; passageway,EN
399,280,black tea,EN
400,281,party,EN
401,282,bath; bathtub,EN
402,282,bathroom; bathhouse,EN
403,283,coffee shop; tearoom; coffee lounge; coffeehouse; cafe,EN
404,284,every morning,EN
405,285,body; physique; posture,EN
406,285,shape; form; style,EN
407,286,mouth; speech,EN
408,287,wind; breeze; draught; draft,EN
409,287,manner; behaviour; behavior,EN
410,288,homework,EN
411,289,envelope,EN
412,290,drink; beverage,EN
413,291,evening,EN
414,292,evening,EN
415,293,this morning,EN
416,294,pencil,EN
417,295,umbrella; parasol,EN
418,296,area; vicinity; region,EN
419,296,side; edge,EN
420,297,Tuesday,EN
421,298,business suit,EN
422,299,red; crimson; scarlet,EN
423,299,"red-containing colour (e.g. brown, pink, orange)",EN
424,300,"cup (drinking vessel, measure, brassiere, prize, etc.)",EN
425,300,instant noodles purchased in cup; cup noodles,EN
426,301,various,EN
427,301,various colors (colours),EN
428,302,calendar,EN
429,302,calender (machine for flattening things),EN
430,303,birthday,EN
431,304,socks; sock; stockings; stocking,EN
432,305,chicken meat,EN
433,306,class,EN
434,307,fountain pen,EN
435,308,ticket,EN
436,309,toilet; restroom; bathroom; lavatory,EN
437,310,skirt,EN
438,311,notebook; copy-book; exercise book,EN
439,311,note,EN
440,312,there (place relatively near listener),EN
441,312,there (place just mentioned); that place,EN
442,313,sky; the air; the heavens,EN
443,313,weather,EN
444,314,near; neighbourhood; neighborhood; vicinity,EN
445,314,"nearly (e.g. ""it took nearly one year""); close to",EN
446,315,uncle,EN
447,316,bookshelves; bookshelf; bookcase,EN
448,317,rice bowl; tea cup; teacup,EN
449,318,spare time; free time; leisure,EN
450,318,time (e.g. time it takes to do something),EN
451,319,every night,EN
452,320,pork,EN
453,321,left; left hand side,EN
454,322,where; what place,EN
455,322,"how much (long, far); what extent",EN
456,323,which way; which direction; where,EN
457,323,which one (esp. of two alternatives),EN
458,324,restaurant (esp. Western-style),EN
459,325,tape,EN
460,326,year after next,EN
461,327,soy sauce; shoyu,EN
462,328,door (Western-style),EN
463,329,film,EN
464,330,that way (direction distant from both speaker and listener); over there; yonder,EN
465,330,"that one (something physically distant from both speaker and listener, or something not visible but known by both speaker and listener); that",EN
466,331,post; position,EN
467,331,postbox; mail box; pillar box,EN
468,332,cloudiness; cloudy weather; shadow,EN
469,333,the third day of the month,EN
470,333,three days,EN
471,334,that way (direction distant from both speaker and listener); over there; yonder,EN
472,334,"that one (something physically distant from both speaker and listener, or something not visible but known by both speaker and listener); that",EN
473,335,cat,EN
474,335,shamisen,EN
475,336,east,EN
476,337,which way; which direction; where,EN
477,337,which one (esp. of two alternatives),EN
478,338,ashtray,EN
479,339,greengrocer,EN
480,340,radio,EN
481,341,soap,EN
482,342,elder brother; older brother,EN
483,343,shower,EN
484,344,test,EN
485,345,pen,EN
486,346,zero; nought,EN
487,347,the fifth day of the month,EN
488,347,five days,EN
489,348,twentieth day of the month,EN
490,348,twenty days,EN
491,349,which (of three or more),EN
492,349,whichever; any,EN
493,350,copy; photocopy,EN
494,350,blurb on a book jacket,EN
495,351,how much?; how many?,EN
496,352,gram; gramme,EN
497,353,entrance; entry; gate; approach; mouth,EN
498,354,sweater; jumper,EN
499,355,height; stature,EN
500,355,back; spine,EN
501,356,tobacco; cigarette; cigaret; cigar,EN
502,356,tobacco plant (Nicotiana tabacum),EN
503,357,fourth day of the month,EN
504,357,four days,EN
505,358,tie; necktie,EN
506,359,tonight; this evening,EN
507,360,20 years old,EN
508,360,twenty,EN
509,361,sixth day of the month,EN
510,361,six days,EN
511,362,(swimming) pool,EN
512,362,pool (billiards),EN
513,363,guitar,EN
514,364,gradually; by degrees,EN
515,364,steps; stairs; staircase; terrace,EN
516,365,slowly; at ease; restful,EN
517,366,curry; Japanese-style curry,EN
518,367,ball-point pen,EN
519,368,knife,EN
520,369,"that way (direction distant from the speaker, close to the listener)",EN
521,369,"there (place distant from the speaker, close to the listener)",EN
522,370,fork,EN
523,370,folk; folk song,EN
524,371,dining room; dining hall; cafeteria; messroom,EN
525,371,restaurant; eatery; snack bar; diner,EN
526,372,trousers; pants,EN
527,373,kilogram; kilogramme,EN
528,374,slipper; slippers,EN
529,375,metre; meter,EN
530,375,meter (i.e. a gauge); gauge,EN
531,376,one month,EN
532,377,match (contest),EN
533,378,taxi,EN
534,379,apartment building; apartment block; apartment house,EN
535,379,apartment,EN
536,380,"that way (direction distant from the speaker, close to the listener)",EN
537,380,"there (place distant from the speaker, close to the listener)",EN
538,381,record (e.g. LP),EN
539,381,record (e.g. athletics),EN
540,382,Sunday,EN
541,383,alcohol; sake,EN
542,384,half,EN
543,385,bath; bathtub,EN
544,385,bathroom; bathhouse,EN
545,386,elder sister,EN
546,386,(vocative) young lady,EN
547,387,bento; Japanese box lunch,EN
548,388,glass (i.e. drinking vessel); tumbler,EN
549,388,cop (police officer),EN
550,389,butter,EN
551,390,handkerchief,EN
552,391,spoon,EN
553,392,day before yesterday,EN
554,393,this way (direction close to the speaker or towards the speaker); this direction,EN
555,393,here (place close to the speaker or where the speaker is),EN
556,394,(hard) candy; toffee,EN
557,394,"rice-sugar; sugar made from the starch of rice, potatoes, etc.",EN
558,395,police officer,EN
559,396,(room) heater; stove,EN
560,397,stomach,EN
561,398,elevator; lift,EN
562,398,elevator (aviation),EN
563,399,Saturday,EN
564,400,there; over there; that place; yonder; you-know-where,EN
565,400,genitals; private parts; nether regions,EN
566,401,evening meal,EN
567,402,department store,EN
568,402,department,EN
569,403,who?,EN
570,404,wife; your wife; his wife; married lady; madam,EN
571,405,shirt; business shirt; dress shirt,EN
572,406,Monday,EN
573,407,confections; sweets; candy,EN
574,408,Friday,EN
575,409,grandmother,EN
576,409,old woman; female senior citizen,EN
577,410,straight (ahead); direct; upright; erect,EN
578,410,straightforward; honest; frank,EN
579,411,cooked rice,EN
580,411,meal,EN
581,412,Wednesday,EN
582,413,tape recorder,EN
583,414,Thursday,EN
584,415,postcard,EN
585,415,memo; note; card,EN
586,416,day after tomorrow,EN
587,417,radio-cassette player,EN
588,418,(flower) vase,EN
589,419,kilogram; kilogramme,EN
590,420,older brother; elder brother,EN
591,420,(vocative) young man; buddy; fella; laddie,EN
592,421,kilometer; kilometre,EN
593,422,radio-cassette; tape recorder,EN
594,423,plate; dish,EN
595,424,dinner; evening meal,EN
596,425,uncle,EN
597,426,lunch; midday meal,EN
598,427,breakfast,EN
599,428,toilet; restroom; lavatory; bathroom,EN
600,429,aunt,EN
601,429,old lady; ma'am (vocative),EN
602,430,aunt,EN
603,430,old lady; ma'am (vocative),EN
604,431,dictionary,EN
605,432,woman; female,EN
606,432,feminine gender,EN
607,433,man; male,EN
608,433,masculine gender,EN
609,434,culture; civilization; civilisation,EN
610,434,Bunka era (1804.2.11-1818.4.22),EN
611,435,most recent; these days; right now; recently; nowadays,EN
612,436,the world; society; the universe,EN
613,436,sphere; circle; world,EN
614,437,safety,EN
615,437,security,EN
616,438,living; life (one's daily existence); livelihood,EN
617,439,necessity; need; requirement,EN
618,440,training; education,EN
619,441,explanation; exposition,EN
620,442,use; utilization; utilisation; application,EN
621,443,society; public; community; the world,EN
622,443,social studies,EN
623,444,study; research; investigation,EN
624,445,not exceeding; and downward; ... and below,EN
625,445,below (e.g. standard); under (e.g. a level),EN
626,446,cause; origin; source,EN
627,447,junior high school; middle school; lower secondary school,EN
628,448,caution; being careful; attention (heed); warning; advice,EN
629,449,case; situation,EN
630,450,introduction; presentation; referral; listing,EN
631,451,not less than; ... and more; ... and upwards,EN
632,451,beyond ... (e.g. one's means); further (e.g. nothing further to say); more than ... (e.g. cannot pay more than that),EN
633,452,primary school; elementary school; grade school,EN
634,453,relief; peace of mind,EN
635,454,"traffic; transportation; communication; exchange (of ideas, etc.); intercourse",EN
636,455,contacting; getting in touch; communication; call; message,EN
637,456,special,EN
638,457,simple; easy; uncomplicated,EN
639,457,brief; quick; light,EN
640,458,reservation; appointment; booking; advance order,EN
641,458,contract; subscription; pledge,EN
642,459,freedom; liberty; as it pleases you,EN
643,460,production; manufacture,EN
644,461,inside; within,EN
645,461,while,EN
646,462,law,EN
647,463,last; end; conclusion; latest; most recent,EN
648,464,plans; arrangement; schedule; program; programme; expectation; estimate,EN
649,465,technology; engineering,EN
650,465,technique; skill,EN
651,466,place; location; spot; position,EN
652,466,room; space,EN
653,467,(manufacturing) industry,EN
654,468,division into ten,EN
655,469,reason; pretext; motive,EN
656,470,type; kind; sort; style,EN
657,470,typewriter; typing,EN
658,471,present; gift,EN
659,472,personal computer,EN
660,473,relation; relationship; connection,EN
661,473,participation; involvement; concern,EN
662,474,science,EN
663,475,within; inside of; less than,EN
664,476,child,EN
665,476,young (animal),EN
666,477,light,EN
667,478,cartoon; comic; comic strip,EN
668,479,day; days,EN
669,479,sun; sunshine; sunlight,EN
670,480,with the exception of; excepting,EN
671,481,period; epoch; era; age,EN
672,481,the times; those days,EN
673,482,fire; flame; blaze,EN
674,483,toy; plaything,EN
675,484,foodstuff; groceries,EN
676,485,international,EN
677,486,form; shape; figure,EN
678,486,visage,EN
679,487,spot; mark,EN
680,487,point; dot,EN
681,488,surface,EN
682,488,face (i.e. the visible side of an object),EN
683,489,star; any light-emitting (or reflecting) heavenly body (except for the sun and the moon),EN
684,489,offender; perpetrator,EN
685,490,neck,EN
686,490,head,EN
687,491,senior high school; high school,EN
688,492,opinion; view; comment,EN
689,493,politics; government,EN
690,494,beginning; outset; first; onset,EN
691,495,enjoyment; pleasure; diversion; amusement; hobby,EN
692,495,anticipation; looking forward to,EN
693,496,spirit; mind; heart,EN
694,496,nature; disposition,EN
695,497,diary; journal,EN
696,498,drawer,EN
697,498,withdrawal; drawing out,EN
698,499,good; advantage; benefit; welfare,EN
699,499,sake; purpose; objective; aim,EN
700,500,industry,EN
701,500,livelihood; occupation,EN
702,501,once; one time; on one occasion,EN
703,501,temporarily; for a moment,EN
704,502,twice; double,EN
705,503,space (between); gap; interval; distance,EN
706,503,time (between); pause; break,EN
707,504,address (e.g. of house); residence; domicile,EN
708,505,check; plaid; checkered,EN
709,505,checking; monitoring; looking over; scrutinizing; inspecting,EN
710,506,feeling; sensation; mood,EN
711,506,preparedness; readiness; attitude,EN
712,507,police,EN
713,507,police officer,EN
714,508,office,EN
715,509,wife,EN
716,509,my dear; dear; honey,EN
717,510,accident; incident; trouble,EN
718,510,circumstances; reasons,EN
719,511,she; her,EN
720,512,guest; visitor,EN
721,512,customer; client; shopper; spectator; audience; tourist; sightseer; passenger,EN
722,513,history,EN
723,514,economics; business; finance; economy,EN
724,515,"entry to school or university; matriculation; enrolment (in university, etc.)",EN
725,516,tool; implement; instrument; utensil; apparatus; device,EN
726,516,means,EN
727,517,preparation; arrangements; provision; getting ready; laying out (e.g. a meal),EN
728,518,woods; forest; copse; thicket,EN
729,518,bunch; line (of something); collection,EN
730,519,program (e.g. TV); programme,EN
731,520,reception (desk); information desk,EN
732,520,receipt; acceptance,EN
733,521,meeting; conference; session; assembly; council; convention; congress,EN
734,522,hobby; pastime,EN
735,522,tastes; preference; liking,EN
736,523,sound; noise; report,EN
737,523,note,EN
738,524,earthquake,EN
739,525,factory; plant; mill; workshop,EN
740,526,citizen; citizenry; public,EN
741,526,city inhabitant; townspeople,EN
742,527,graduation; completion (e.g. of a course),EN
743,527,outgrowing something; moving on,EN
744,528,flavor; flavour; taste,EN
745,528,charm; style,EN
746,529,line; stripe; stria,EN
747,529,line (e.g. telephone line); wire,EN
748,530,literature,EN
749,531,season,EN
750,532,son,EN
751,532,penis,EN
752,533,the end,EN
753,534,forest,EN
754,534,shrine grove,EN
755,535,medical science; medicine,EN
756,536,finger; toe; digit,EN
757,537,assembly hall; meeting place; venue; grounds,EN
758,538,"amount necessary to fill a container (e.g. cupful, spoonful, etc.); drink (usu. alcoholic)",EN
759,538,full,EN
760,539,company president; manager; director,EN
761,540,air; atmosphere,EN
762,540,mood; situation,EN
763,541,future (usually near); prospects,EN
764,542,software,EN
765,543,baby; infant,EN
766,544,harbour; harbor; port,EN
767,545,sure; certain; positive; definite,EN
768,545,reliable; trustworthy; safe; sound; firm; accurate; correct; exact,EN
769,546,population,EN
770,546,common talk,EN
771,547,on the way; en route,EN
772,547,in the middle of; midway,EN
773,548,doll; puppet; figure,EN
774,549,feeling; mood,EN
775,550,futon (quilted Japanese-style mattress laid out on the floor),EN
776,550,round cushion used for Zen meditation (traditionally made of woven bulrush leaves),EN
777,551,failure; mistake; blunder,EN
778,552,interest (in something); curiosity (about something); zest (for),EN
779,553,novel; (short) story,EN
780,554,dream,EN
781,555,(my) daughter,EN
782,555,"girl (i.e. a young, unmarried woman)",EN
783,556,circumference; girth,EN
784,556,surroundings; neighbourhood; neighborhood; vicinity,EN
785,557,important; valuable; serious matter,EN
786,557,safe (Tochigi dialect); OK,EN
787,558,playing,EN
788,558,"play (margin between on and off, gap before pressing button or lever has an effect)",EN
789,559,examination; test; study; trial; experiment,EN
790,560,accessory,EN
791,561,chance; opportunity,EN
792,562,husband,EN
793,563,unreasonable; unnatural; unjustifiable,EN
794,563,impossible,EN
795,564,hair,EN
796,564,fur; wool,EN
797,565,blood; consanguinity,EN
798,566,senior high school student,EN
799,567,this time; now,EN
800,567,next time; another time; shortly; soon,EN
801,568,substitute; replacement; substituting; replacing,EN
802,568,stand-in; proxy; alternate; deputy; relief; successor,EN
803,569,way; method; means; resource; course,EN
804,570,circumstances; condition; convenience,EN
805,571,all; everyone; everybody,EN
806,571,everything,EN
807,572,deplorable; bad luck; regret; disappointment,EN
808,573,danger; peril; hazard,EN
809,573,risk,EN
810,574,airport,EN
811,575,heat,EN
812,575,fever; temperature,EN
813,576,bottom (or another side that is hidden from view); undersurface; opposite side; reverse side,EN
814,576,rear; back; behind (the house),EN
815,577,art gallery; art museum,EN
816,578,present; gift,EN
817,579,match; game; bout; contest,EN
818,580,wall; partition,EN
819,580,barrier; obstacle,EN
820,581,war,EN
821,582,parking lot; parking place,EN
822,583,parent; parents,EN
823,583,"dealer (in cards, mahjong, etc.)",EN
824,584,island,EN
825,584,"territory (of a prostitute, organized crime gang, etc.); turf",EN
826,585,grass; weed; herb; thatch,EN
827,585,ninja,EN
828,586,conversation,EN
829,587,opposition; resistance; antagonism; hostility; objection; dissension,EN
830,587,reverse; opposite; vice versa; contrast,EN
831,588,breakdown; failure; fault; accident; out of order,EN
832,588,damage; hurt,EN
833,589,"ryokan; Japanese-style lodging, usu. professionally-run",EN
834,590,"head (chief, director) of a section or department",EN
835,590,head of a (school) club; head of a (school) team,EN
836,591,condition; state; manner; health,EN
837,592,Shinto shrine,EN
838,593,clothing; clothes,EN
839,593,kimono (or other trad. Japanese clothing),EN
840,594,typhoon; hurricane,EN
841,595,translation,EN
842,595,de-encryption; deciphering,EN
843,596,promise; agreement; arrangement; one's word; contract; pact; appointment; engagement; date,EN
844,596,convention; rule,EN
845,597,mathematics; arithmetic,EN
846,598,price; cost,EN
847,599,neighbourhood; neighborhood,EN
848,600,geography,EN
849,601,return; coming back,EN
850,602,answer; reply; response; solution,EN
851,603,shelf; shelves; ledge; rack,EN
852,603,trellis,EN
853,604,water service; water supply,EN
854,605,habit,EN
855,605,custom; cultural practice,EN
856,606,senior (at work or school); superior; elder; older graduate; progenitor; old-timer,EN
857,607,hospitalization; hospitalisation,EN
858,608,underwear,EN
859,609,coast; beach,EN
860,610,trade (foreign),EN
861,611,temple (Buddhist),EN
862,612,rate; ratio; percentage; proportion,EN
863,612,comparatively,EN
864,613,newspaper company,EN
865,614,principal; headmaster,EN
866,615,church,EN
867,616,shop assistant; employee; clerk; salesperson,EN
868,617,competition; contest,EN
869,618,both; both sides; both parties,EN
870,619,leaf,EN
871,620,seat,EN
872,620,"location (of a gathering, etc.); place",EN
873,621,glass; pane,EN
874,621,vitreous,EN
875,622,back (of body),EN
876,623,government worker; public servant; civil servant,EN
877,624,polite; courteous; civil,EN
878,624,careful; close; thorough; conscientious,EN
879,625,olden days; former,EN
880,626,I; me,EN
881,626,you,EN
882,627,sand; grit,EN
883,627,gold dust; silver dust,EN
884,628,ship; boat; watercraft; vessel; steamship,EN
885,628,tank; tub; vat; trough,EN
886,629,rules; regulations; conventions,EN
887,630,reply; answer; response,EN
888,631,(finger) ring,EN
889,632,suit,EN
890,633,the west; Western countries,EN
891,634,lake,EN
892,635,corner; nook; recess,EN
893,635,downstage right (on a noh stage),EN
894,636,section manager; section chief,EN
895,637,suitable; proper; appropriate; adequate; fit,EN
896,637,noncommittal; vague; equivocal; unserious; irresponsible,EN
897,638,driver; chauffeur,EN
898,639,mirror; looking-glass,EN
899,639,barrel head,EN
900,640,dictionary,EN
901,641,zoo; zoological gardens,EN
902,642,mind; heart; spirit,EN
903,642,"the meaning of a phrase (riddle, etc.)",EN
904,643,force; strength; might; vigour (vigor); energy,EN
905,643,capability; ability; proficiency; capacity; faculty,EN
906,644,task; business,EN
907,644,use; duty; service,EN
908,645,arm,EN
909,645,skill; efforts; ability,EN
910,646,cloud,EN
911,647,city,EN
912,648,place where things are sold; point of sale; POS; sales floor; counter (in shop),EN
913,648,favorable time to sell; good time to sell,EN
914,649,conference room; council room,EN
915,650,injection,EN
916,651,metropolitan; municipal,EN
917,652,(husked grains of) rice,EN
918,652,88 years old,EN
919,653,outline; main point; gist,EN
920,653,general; substantially; approximately; about,EN
921,654,character (i.e. kanji),EN
922,654,hand-writing; penmanship,EN
923,655,hair (on the head),EN
924,656,(indoor) heating,EN
925,657,hot water,EN
926,657,hot bath; hot spring,EN
927,658,middle; centre; center; mid-way,EN
928,659,insect; bug; cricket; moth; worm,EN
929,660,rural area; countryside; the sticks,EN
930,660,hometown,EN
931,661,"Asia (esp. ""the Far East"")",EN
932,662,laboratory,EN
933,662,seminar room,EN
934,663,swimming,EN
935,664,"limited express (train, faster than an express)",EN
936,664,great hurry,EN
937,665,judo,EN
938,666,daytime; during the day; time from sunrise until sunset; diurnal period,EN
939,667,distinction; difference; different; another; particular; separate; extra; exception,EN
940,668,scenery; scene; landscape,EN
941,669,rooftop,EN
942,670,lecture,EN
943,671,glove; mitten; mitt,EN
944,672,strange; odd; peculiar; weird; curious; queer; eccentric; funny; suspicious; fishy,EN
945,672,unexpected,EN
946,673,very hard; with utmost effort; with all one's might; for dear life,EN
947,674,tatami mat; Japanese straw floor coverings,EN
948,675,kindness; gentleness,EN
949,676,branch; bow; bough; twig; limb,EN
950,677,cherry blossom viewing; flower viewing,EN
951,678,dance,EN
952,679,grandfather,EN
953,679,old man,EN
954,680,suburb; outskirts,EN
955,681,grandmother,EN
956,682,absence; being away from home,EN
957,682,house-sitting; house-sitter,EN
958,683,knowing,EN
959,683,(an) acquaintance,EN
960,684,train (sometimes specifically a steam train),EN
961,685,thread; yarn; string,EN
962,686,this evening; tonight,EN
963,687,senior high school; high school,EN
964,688,goods; article; thing,EN
965,689,fire; conflagration,EN
966,690,cooling; air-conditioning,EN
967,691,eraser; India rubber,EN
968,692,after this,EN
969,693,two-storied building,EN
970,694,slope; hill,EN
971,695,leaving hospital; discharge from hospital,EN
972,696,exhibition,EN
973,697,auditorium; lecture hall,EN
974,698,telegram,EN
975,699,"gas (state of matter, e.g. poison gas, natural gas)",EN
976,699,gasoline; gas; petrol,EN
977,700,vehicle; conveyance; transport,EN
978,700,"ride (playground, fair, carnival); playground facility",EN
979,701,sightseeing; watching; viewing,EN
980,701,sightseer; watcher; spectator,EN
981,702,pronunciation,EN
982,703,"conclusion from reasoning, judgement or calculation based on something read or heard; reason; cause; meaning; circumstances; situation",EN
983,704,reserve; constraint; restraint; modesty; diffidence; hesitation; holding back; discretion; tact; thoughtfulness,EN
984,704,declining; refraining,EN
985,705,airfield; airport,EN
986,706,moving at high speed,EN
987,706,express (e.g. train that bypasses many stations),EN
988,707,small bird; songbird,EN
989,707,birdie; dickeybird; dickybird,EN
990,708,you; buddy; pal,EN
991,708,monarch; ruler; sovereign; (one's) master,EN
992,709,inconvenience; inexpediency; unhandiness,EN
993,710,America,EN
994,710,United States of America,EN
995,711,grammar; syntax,EN
996,712,thief; burglar; robber; theft,EN
997,713,baby; infant,EN
998,714,present; souvenir,EN
999,715,mostly; nearly; practically; well-nigh; almost invariably; all but; just about; almost,EN
1000,716,(my) wife,EN
1001,716,inside the home; one's family,EN
1002,717,boarding; lodging; boarding house,EN
1003,718,mostly; ordinarily; usually; generally,EN
1004,718,probably,EN
1005,719,lunch break; noon recess; noon rest period,EN
1006,720,university student; college student,EN
1007,721,intention; plan,EN
1008,721,conviction; belief,EN
1009,722,multi-floor building; multi-storey building,EN
1010,722,bill,EN
1011,723,silk,EN
1012,724,screen,EN
1013,725,tasks; things to do; errand; business (to take care of); affairs; engagement,EN
1014,726,electric light,EN
1015,727,curtain; curtains,EN
1016,728,piano,EN
1017,729,stone,EN
1018,729,gem; jewel,EN
1019,730,sandal,EN
1020,731,cake,EN
1021,732,report; paper,EN
1022,733,cotton (material),EN
1023,733,red silk-cotton tree (Bombax ceiba),EN
1024,734,daughter,EN
1025,734,young lady,EN
1026,735,dentist,EN
1027,736,"expectation that something took place, will take place or was in some state; it should be so; bound to be; expected to be; must be",EN
1028,736,nock (of a bow),EN
1029,737,tennis,EN
1030,738,Mr (junior); master; boy,EN
1031,739,congratulation; congratulations; celebration; festival; congratulatory gift,EN
1032,740,seeing; look at,EN
1033,741,handbag; purse,EN
1034,742,bell,EN
1035,742,bel; B,EN
1036,743,grace (of God); benevolence (of Buddha); blessing,EN
1037,743,assistance; help; aid,EN
1038,744,part,EN
1039,744,part-timer,EN
1040,745,report; paper,EN
1041,746,computer,EN
1042,747,part-time job; side job,EN
1043,747,albite,EN
1044,748,miso; fermented condiment usu. made from soybeans,EN
1045,748,"innards (from crabs, shrimps, etc.) resembling miso",EN
1046,749,suitcase,EN
1047,750,text,EN
1048,750,textbook,EN
1049,751,quarrel; brawl; fight; squabble; scuffle; argument,EN
1050,752,concert,EN
1051,753,lost article; something forgotten,EN
1052,754,gasoline; petrol,EN
1053,755,grape; grapevine,EN
1054,756,calling on someone who is ill; enquiry; inquiry,EN
1055,757,review; revision,EN
1056,758,alcohol,EN
1057,759,preparation for a lesson,EN
1058,760,salad,EN
1059,761,he; him,EN
1060,762,motorcycle,EN
1061,763,thanks; gratitude,EN
1062,763,manners; etiquette,EN
1063,764,steak,EN
1064,765,(cash) register,EN
1065,765,cashier,EN
1066,766,gas station; petrol station,EN
1067,767,some time ago; just now,EN
1068,768,stereo,EN
1069,769,announcer,EN
1070,770,jam,EN
1071,771,facsimile; FAX,EN
1072,772,Africa,EN
1073,773,sandwich,EN
1074,774,festival; feast; carnival,EN
1075,775,far away; distant; at a distance; distant place; by far,EN
1076,776,moustache; beard; whiskers,EN
1077,776,extremely short pulse appearing on an electrical signal,EN
1078,777,word processor,EN
1079,778,pickpocket,EN
1080,779,feast; treating (someone),EN
1081,780,recently; nowadays; these days; now; at present,EN
1082,781,weather forecast; weather report,EN
1083,782,month after next,EN
1084,783,(hospital) nurse; registered nurse; RN,EN
1085,784,rich person,EN
1086,785,escalator,EN
1087,786,change (i.e. money); balance,EN
1088,787,closet,EN
1089,788,the other day; lately; recently; during this period,EN
1090,788,meanwhile; in the meantime,EN
1091,789,your house; your home; your family,EN
1092,789,your husband,EN
1093,790,barbershop; barber,EN
1094,791,your husband; her husband,EN
1095,792,week after next,EN
1096,793,sleeping in late; oversleeping,EN
1097,793,late riser; sleepyhead,EN
1098,794,way of swimming,EN
1099,795,popularity; popular feeling; business conditions,EN
1100,796,center; centre; middle; heart; core; focus; pivot; emphasis; balance,EN
1101,797,method; process; manner; way; means; technique,EN
1102,798,countrywide; nationwide; whole country; national,EN
1103,799,relation; connection; relevance,EN
1104,800,information; news; intelligence; advices,EN
1105,800,"information; data contained in characters, signals, code, etc.",EN
1106,801,foreign; abroad; overseas,EN
1107,802,article; news story; report; account,EN
1108,803,function; facility; faculty; feature,EN
1109,804,now; current; present; present time; as of,EN
1110,805,portion; section; part,EN
1111,806,potential; possible; practicable; feasible,EN
1112,807,subject; contents; matter; substance; detail; import,EN
1113,808,use; application; employment; utilization; utilisation,EN
1114,809,foundation; basis; standard,EN
1115,810,price; value; cost,EN
1116,811,commodity; article of commerce; goods; stock; merchandise,EN
1117,812,free; no charge,EN
1118,813,area; region,EN
1119,814,individual; private person; personal; private,EN
1120,815,fixed period; fixed term,EN
1121,816,control; management (e.g. of a business),EN
1122,817,confirmation; verification; validation; review; check; affirmation; identification,EN
1123,818,general; universal,EN
1124,818,ordinary; average; common,EN
1125,819,period; term; interval,EN
1126,820,health; sound; wholesome,EN
1127,821,price; payment; cost; charge; the money; the bill,EN
1128,822,place; situation; position; location,EN
1129,823,sales; selling; marketing,EN
1130,824,order; request,EN
1131,825,"exchange; interchange; switching; reciprocity; barter; substitution; replacement; clearing (of checks, cheques)",EN
1132,826,voting; poll,EN
1133,827,hope; wish; aspiration,EN
1134,828,important; momentous; essential; principal; major,EN
1135,829,"work (e.g. book, film, composition, etc.); opus; performance; production",EN
1136,830,demand; request,EN
1137,831,nature,EN
1138,831,natural; spontaneous,EN
1139,832,result; consequence; outcome; effect,EN
1140,832,coming to fruition; bearing fruit,EN
1141,833,guarantee; security; assurance; pledge; warranty,EN
1142,834,condition; conditions; term; terms; requirement; requirements,EN
1143,835,emergency,EN
1144,836,representative; representation; delegation; type; example; model,EN
1145,837,perfection; completeness,EN
1146,838,action; activity; (military etc.) operation,EN
1147,838,movie (esp. during the silent movie period),EN
1148,839,complete; completion,EN
1149,839,perfection; accomplishment,EN
1150,840,highest; supreme; the most,EN
1151,841,helper; helpmeet; assistant; tutor,EN
1152,842,letter (of alphabet); character,EN
1153,843,direct; immediate; personal; firsthand,EN
1154,844,wrong; bad; improper; unjustifiable; inadvisable,EN
1155,844,not allowed; not possible,EN
1156,845,district; region; area; locality,EN
1157,845,the country; countryside; the provinces; rural area,EN
1158,846,used; second-hand; old,EN
1159,846,Middle Ages,EN
1160,847,woman; girl,EN
1161,848,business; trade; sales; operations,EN
1162,849,reference; consultation,EN
1163,850,Japan,EN
1164,851,selection; choice; option,EN
1165,852,information; guidance; leading,EN
1166,853,participation,EN
1167,854,chief; main; principal; major,EN
1168,855,body,EN
1169,855,torso; trunk,EN
1170,856,amount; quantity,EN
1171,857,success; hit,EN
1172,858,"target; object (of worship, study, etc.); subject (of taxation, etc.)",EN
1173,859,change; modification; alteration; revision; amendment,EN
1174,860,environment; circumstance,EN
1175,861,importation; import; introduction,EN
1176,861,afferent,EN
1177,862,start; commencement; beginning; initiation,EN
1178,863,enterprise; undertaking; corporation; business,EN
1179,864,electron,EN
1180,864,(esp. as a prefix) electronic; electronics,EN
1181,865,manufactured goods; finished goods; product,EN
1182,866,member; the membership,EN
1183,867,demand; firm request; requisition; requirement; desire,EN
1184,868,(human) life (i.e. conception to death),EN
1185,869,work; operation; manufacturing; fatigue duty,EN
1186,870,little girl; maiden; young lady; female usually between 7 and 18 years old,EN
1187,870,female between 17 and 20 years old (ritsuryo period),EN
1188,871,existence; being,EN
1189,872,furniture,EN
1190,873,state; country; nation,EN
1191,874,automatic; self-motion,EN
1192,874,intransitive verb,EN
1193,875,food; food products; foodstuffs,EN
1194,876,centre; center; middle; heart,EN
1195,876,metropolis; capital city; central government,EN
1196,877,feeling; sense; impression,EN
1197,878,state of affairs (around you); situation; circumstances,EN
1198,879,commemoration; celebration; honoring the memory of something; turning something into a memento; memory,EN
1199,880,government; administration,EN
1200,881,analysis,EN
1201,882,nature; spontaneity,EN
1202,882,natural airhead,EN
1203,883,(town) market,EN
1204,883,(the) marketplace,EN
1205,884,correspondence; communication; transmission; news; signal; telecommunications,EN
1206,885,current status; condition; situation; circumstances; state,EN
1207,886,birth; creation; formation,EN
1208,887,ability; faculty,EN
1209,888,degree; amount; grade; standard; of the order of (following a number); about; approximately,EN
1210,889,district; section; sector,EN
1211,890,consultation; discussion,EN
1212,891,notice; attention; observation,EN
1213,892,purpose; goal; aim; objective; intention,EN
1214,893,thinking; thought; view; opinion; concept,EN
1215,893,idea; notion; imagination,EN
1216,894,advertisement,EN
1217,895,business; office work; administration,EN
1218,896,set,EN
1219,896,set meal,EN
1220,897,top,EN
1221,897,top position,EN
1222,898,card,EN
1223,898,curd,EN
1224,899,service; help; assistance; care; concern,EN
1225,899,discount; freebie; free gift,EN
1226,900,topic; subject,EN
1227,901,"case (e.g. receptacle, condition, event, legal action, letter style, etc.)",EN
1228,901,Computer-Aided Software Engineering; CASE,EN
1229,902,bag,EN
1230,903,congratulation; congratulations; celebration; festival; congratulatory gift,EN
1231,904,operation; management; processing,EN
1232,904,manipulating to one's benefit,EN
1233,905,physical education; gymnastics; athletics,EN
1234,906,difference; discrepancy,EN
1235,907,event; affair; incident; case; plot; trouble; scandal,EN
1236,908,variety; kind; type; category,EN
1237,909,youth; young man,EN
1238,910,consumption; expenditure,EN
1239,911,valuation; estimation; assessment; evaluation; rating,EN
1240,912,plan; design; layout,EN
1241,913,the future (usually distant),EN
1242,913,future tense,EN
1243,914,left and right,EN
1244,914,influence; control; domination,EN
1245,915,person; character; figure; personage; man; woman,EN
1246,915,one's character; one's personality,EN
1247,916,residence; housing; residential building,EN
1248,917,ago; since; before; previous,EN
1249,918,understanding; comprehension; appreciation; sympathy,EN
1250,919,mind; soul; heart; spirit; intention,EN
1251,920,preservation; conservation; storage; saving (e.g. to disk); maintenance,EN
1252,921,ingredients; material,EN
1253,922,"representation; agency; proxy; deputy; agent; attorney; substitute; alternate; acting (principal, etc.)",EN
1254,923,circumstances; consideration; conditions; situation; reasons; state of affairs,EN
1255,924,exercise; physical training; work-out,EN
1256,924,appeal; campaign; drive; crusade; movement; lobbying,EN
1257,925,the past; bygone days; the previous,EN
1258,925,a past (i.e. a personal history one would prefer remained secret); one's past,EN
1259,926,name; given name,EN
1260,926,title,EN
1261,927,expectation; anticipation; hope,EN
1262,928,number; amount,EN
1263,929,stand; rack; table; bench; podium; pedestal; platform; stage,EN
1264,929,support; holder; rack,EN
1265,930,ordinary; regular; everyday; usual,EN
1266,931,due form; official; formality,EN
1267,932,practicality; practical,EN
1268,932,reality; actuality; actual conditions,EN
1269,933,landlord; landlady,EN
1270,934,earth; ground; land; soil,EN
1271,934,place,EN
1272,935,now; this time; lately,EN
1273,936,publication,EN
1274,937,time; hour; moment,EN
1275,937,occasion; case,EN
1276,938,capital; metropolis,EN
1277,939,charm; fascination; glamour; glamor; attraction; appeal,EN
1278,940,other (esp. people and abstract matters),EN
1279,941,god; deity; divinity; spirit; kami,EN
1280,941,incredible; fantastic,EN
1281,942,financing; credit transacting; loaning of money; circulation of money,EN
1282,943,number one; first; first place,EN
1283,944,direction; orientation; bearing; way,EN
1284,944,course (e.g. of action),EN
1285,945,town; city; municipal; urban,EN
1286,946,decision; determination,EN
1287,947,talent; gift; function,EN
1288,947,noh (theatre),EN
1289,948,yen; Japanese monetary unit,EN
1290,948,circle,EN
1291,949,origin; source,EN
1292,949,base; basis; foundation; root,EN
1293,950,earth; soil; dirt; clay; mud,EN
1294,950,"the earth (historically, esp. as opposed to the heavens); the ground; the land",EN
1295,951,comparison,EN
1296,952,report; information,EN
1297,953,fee; charge; fare,EN
1298,954,befitting; becoming; worthy of; proportionate; in keeping with; suitable,EN
1299,954,considerable; substantial,EN
1300,955,king; ruler; sovereign; monarch,EN
1301,955,tycoon; magnate; champion; master,EN
1302,956,"model; type (e.g. of machine, goods, etc.)",EN
1303,956,type; style; pattern,EN
1304,957,width; breadth,EN
1305,957,freedom (e.g. of thought); latitude,EN
1306,958,announcement; publication; presenting; statement; communique; making known; breaking (news story); expressing (one's opinion); releasing; unveiling,EN
1307,959,easy; simple; plain,EN
1308,960,prohibition; inhibition; ban,EN
1309,961,thing; matter,EN
1310,961,incident; occurrence; event; something serious; trouble; crisis,EN
1311,962,aroma; fragrance; scent; smell,EN
1312,963,inside; within,EN
1313,963,while,EN
1314,964,(logical) true; regular,EN
1315,965,effect; effectiveness; efficacy; result,EN
1316,965,"effects (e.g. sound effects, visual effects, special effects)",EN
1317,966,convention; tournament; mass meeting; rally,EN
1318,967,friendship; fellowship; camaraderie,EN
1319,968,passable; acceptable; tolerable; fair,EN
1320,969,"doing together (as equals); sharing; common (land, etc.); joint (statement, etc.); cooperation; co-operation; collaboration; association",EN
1321,970,by oneself; personally,EN
1322,971,manufacture; production,EN
1323,972,whole; entirety; whatever (is the matter),EN
1324,973,last; final; closing,EN
1325,974,feature; trait; characteristic; peculiarity; distinction,EN
1326,975,town; block; neighbourhood; neighborhood,EN
1327,975,street; road,EN
1328,976,a time; an instance,EN
1329,977,great effort; exertion; endeavour; endeavor; effort,EN
1330,978,life; existence,EN
1331,979,human being; person; man; mankind; humankind,EN
1332,979,character (of a person),EN
1333,980,boy; juvenile; young boy; youth; lad,EN
1334,981,light; illumination; glow; gleam,EN
1335,981,lamp; light,EN
1336,982,fashion; fad; vogue; craze,EN
1337,982,prevalence (e.g. of a disease),EN
1338,983,system; institution; organization; organisation,EN
1339,984,body,EN
1340,984,oneself,EN
1341,985,payment,EN
1342,986,movement; transfer; migration; removal; travel,EN
1343,986,mobile; moving; traveling; travelling; roving,EN
1344,987,eternity; perpetuity; immortality,EN
1345,987,Eikyuu era (1113.7.13-1118.4.3),EN
1346,988,castle,EN
1347,989,mail service; postal service; mail; post,EN
1348,989,mail; postal matter; postal items,EN
1349,990,board; plank,EN
1350,990,sheet (of metal); plate (of glass); pane; slab,EN
1351,991,talent; ability,EN
1352,992,processing; dealing with; treatment; disposition; disposal,EN
1353,993,settlement; solution; resolution,EN
1354,994,direction; way; side; area (in a particular direction),EN
1355,994,"side (of an argument, etc.); one's part",EN
1356,995,influence; effect,EN
1357,996,state of mind; mentality; psychology,EN
1358,997,broadcast; broadcasting,EN
1359,998,high speed; high gear,EN
1360,998,highway; freeway; expressway; motorway,EN
1361,999,life; living; livelihood; life circumstances,EN
1362,1000,action; conduct; behaviour; behavior; mobilization; mobilisation,EN
1363,1001,platform,EN
1364,1001,home,EN
1365,1002,betterment; improvement,EN
1366,1002,kaizen (Japanese business philosophy of continuous improvement),EN
1367,1003,reverse; opposite,EN
1368,1003,"converse (of a hypothesis, etc.)",EN
1369,1004,adult,EN
1370,1005,average; mean,EN
1371,1005,balance; equilibrium,EN
1372,1006,lodging,EN
1373,1007,simultaneous; concurrent; same time; synchronous; together,EN
1374,1008,unit; denomination,EN
1375,1008,credit (in school),EN
1376,1009,surface; face,EN
1377,1009,outside; exterior,EN
1378,1010,one person,EN
1379,1010,alone; unmarried; solitary,EN
1380,1011,implementation (e.g. of a system); materialization; materialisation; realization; realisation,EN
1381,1012,love; affection; care,EN
1382,1012,attachment; craving; desire,EN
1383,1013,duty; responsibility (incl. supervision of staff),EN
1384,1013,liability; onus,EN
1385,1014,set (of items),EN
1386,1014,group (of people); class (of students); company (esp. construction); family (i.e. mafia); team,EN
1387,1015,light; lamp; torch,EN
1388,1016,metal,EN
1389,1017,the person himself,EN
1390,1018,facial expression; countenance,EN
1391,1018,"look; appearance; expression (vocal, etc.)",EN
1392,1019,a house; a home; a family; a household; one's family; one's folks; a style,EN
1393,1020,medical care; medical treatment,EN
1394,1021,judgment; judgement; decision; conclusion; adjudication,EN
1395,1021,divination,EN
1396,1022,numeral; figure; digit; numeric character,EN
1397,1023,sorting; arrangement; organization; putting in order; adjustment; regulation,EN
1398,1023,liquidation; settlement; consolidation; clearance (e.g. debt); paying off,EN
1399,1024,step; stair; (flight of) steps; (row of) stitches; columns (of print),EN
1400,1024,grade; rank; level,EN
1401,1025,plant; vegetation,EN
1402,1026,secret; secrecy; confidentiality; privacy,EN
1403,1026,secret; mystery,EN
1404,1027,professional,EN
1405,1028,code,EN
1406,1028,cord,EN
1407,1029,impression,EN
1408,1030,concrete; tangible; material,EN
1409,1031,equipment; device; facilities; installation,EN
1410,1032,intention; purpose,EN
1411,1033,presentation; submission; filing,EN
1412,1034,youth; young man,EN
1413,1035,since; henceforth,EN
1414,1036,least; lowest; worst,EN
1415,1036,nasty; disgusting; horrible; yuck!,EN
1416,1037,speed; velocity; rate,EN
1417,1038,flight (e.g. airline flight); trip (e.g. train trip); service,EN
1418,1038,mail; post; letter,EN
1419,1039,investigation; examination; inquiry; enquiry; survey,EN
1420,1040,time; season; period; phase; stage,EN
1421,1041,insufficiency; shortage; deficiency; lack; dearth,EN
1422,1042,independence (e.g. Independence Day); self-support,EN
1423,1043,knowledge; information,EN
1424,1044,age; era; period; date,EN
1425,1045,immense; enormous; great,EN
1426,1046,thanks; gratitude,EN
1427,1047,preparation; setup; arrangements; provision; reserve,EN
1428,1048,validity; legality; availability; effectiveness,EN
1429,1049,machine; mechanism,EN
1430,1049,instrument; appliance; apparatus,EN
1431,1050,stability; equilibrium,EN
1432,1051,ball; sphere; globe; orb,EN
1433,1051,"bead (of sweat, dew, etc.); drop; droplet",EN
1434,1052,magnification; enlargement; expansion; amplification,EN
1435,1053,concentration; convergence; centralization; integration; gathering together,EN
1436,1054,happiness; blessedness; joy; well-being,EN
1437,1055,recommendation; referral; endorsement,EN
1438,1056,learning; scholarship; erudition; knowledge,EN
1439,1057,growth; grow to adulthood,EN
1440,1058,language,EN
1441,1058,word,EN
1442,1059,figure; body build,EN
1443,1059,style,EN
1444,1060,game,EN
1445,1061,actual spot; scene; scene of the crime; site; location; setting,EN
1446,1061,shop floor; factory floor; (on) site,EN
1447,1062,living things; creature,EN
1448,1062,biology,EN
1449,1063,engine,EN
1450,1063,agency; organisation; organization; institution; organ; body,EN
1451,1064,the aged; old person,EN
1452,1065,expression; presentation,EN
1453,1065,representation; notation,EN
1454,1066,amount of money,EN
1455,1067,varied; various,EN
1456,1068,death; mortality,EN
1457,1069,near; close; beside; vicinity; proximity; besides; while,EN
1458,1069,third person,EN
1459,1070,experience,EN
1460,1071,road; highway,EN
1461,1072,serial; consecutive; continuity; occurring in succession; continuing,EN
1462,1073,enforcement; implementation; putting into practice; carrying out; operation; working (e.g. working parameters); enactment,EN
1463,1074,amendment; correction; revision; modification; alteration; retouching; update; fix,EN
1464,1075,companion; partner; company,EN
1465,1075,other party; addressee,EN
1466,1076,obstacle; impediment; hindrance; difficulty; barrier,EN
1467,1076,handicap; impairment; disability; disorder; malfunction,EN
1468,1077,comfort; ease,EN
1469,1077,raku pottery,EN
1470,1078,emptiness; vacuum; blank,EN
1471,1079,artificial; man-made; human work; human skill; artificiality,EN
1472,1080,treasure,EN
1473,1081,the earth; the globe,EN
1474,1082,bureau; department,EN
1475,1082,"office (e.g. post, telephone); broadcasting station (e.g. television, radio); channel; exchange",EN
1476,1083,arrival,EN
1477,1084,aviation; flying,EN
1478,1085,origin; source,EN
1479,1085,base; basis; foundation; root,EN
1480,1086,cloth; fabric; material; texture,EN
1481,1086,one's true character,EN
1482,1087,sequel; continuation; (also suffix) continuation (in time and space); second series; succession; spell,EN
1483,1088,sum total; total amount,EN
1484,1089,stream; current; flow,EN
1485,1089,course of events,EN
1486,1090,chemistry,EN
1487,1091,unexpected; surprising,EN
1488,1092,plot of land; lot; soil,EN
1489,1092,locality; region; place,EN
1490,1093,fear; dread; dismay; terror; horror; scare; panic,EN
1491,1094,issue (publications); publishing,EN
1492,1094,raising an event (software),EN
1493,1095,contract; compact; agreement,EN
1494,1096,cooperation; collaboration,EN
1495,1097,meal,EN
1496,1098,one object; one body; unity,EN
1497,1099,"being in charge (of an area of responsibility); being responsible (for a work role, etc.)",EN
1498,1100,from now on; hereafter,EN
1499,1101,"stage (theatre, theater)",EN
1500,1101,"scene or setting (e.g. of novel, play, etc.)",EN
1501,1102,sightseeing,EN
1502,1103,record; minutes; document,EN
1503,1103,a record (e.g. in sports); results; score,EN
1504,1104,sun; solar,EN
1505,1105,whole life; a lifetime; all through life; one existence; a generation; an age; the whole world; the era,EN
1506,1106,satisfaction; contentment; complacency,EN
1507,1106,sufficient; enough; adequate; proper,EN
1508,1107,ball; sphere; globe; orb,EN
1509,1107,"bead (of sweat, dew, etc.); drop; droplet",EN
1510,1108,printing,EN
1511,1109,practical use; application,EN
1512,1109,conjugation; declension; inflection,EN
1513,1110,pattern; design,EN
1514,1110,body build; figure; physique,EN
1515,1111,reading,EN
1516,1112,change; variation; alteration; mutation; transition; transformation; transfiguration; metamorphosis,EN
1517,1112,variety; diversity,EN
1518,1113,everything; all; the whole,EN
1519,1114,difference; variation,EN
1520,1114,difference,EN
1521,1115,basement; cellar; underground place,EN
1522,1116,muscle; tendon; sinew,EN
1523,1116,vein; artery,EN
1524,1117,anxiety; uneasiness; insecurity; suspense,EN
1525,1118,alcohol; sake,EN
1526,1119,city,EN
1527,1119,Tokyo Metropolitan Assembly,EN
1528,1120,price; cost,EN
1529,1121,cost; expense,EN
1530,1122,management; administration; operation; running (business); conducting,EN
1531,1123,ideal; ideals,EN
1532,1124,emotion; feeling; feelings; sentiment,EN
1533,1125,player (in game); team member,EN
1534,1126,long-term,EN
1535,1127,on the occasion of; circumstances; juncture,EN
1536,1128,middle school; junior high school,EN
1537,1129,organization; organisation,EN
1538,1129,structure; construction,EN
1539,1130,certainly; without fail,EN
1540,1130,right and wrong; pros and cons,EN
1541,1131,call; visit,EN
1542,1132,friend; companion; comrade; pal,EN
1543,1133,pipe; tube,EN
1544,1134,wave,EN
1545,1135,new; fresh; novel,EN
1546,1136,temperature,EN
1547,1137,beautiful woman,EN
1548,1138,study; learning; tutorial,EN
1549,1139,author; writer; novelist; artist,EN
1550,1140,committee member,EN
1551,1141,weapon; arms; ordnance,EN
1552,1141,weapon (something used to gain an advantage); asset,EN
1553,1142,friend,EN
1554,1143,nowadays; modern era; modern times; present-day,EN
1555,1144,one (esp. of two); the other; one way; the other way; one direction; the other direction; one side; the other side; one party; the other party,EN
1556,1145,ordinary; common; usual,EN
1557,1145,free of charge,EN
1558,1146,bound for ...,EN
1559,1146,going (to),EN
1560,1147,construction; architecture (of buildings),EN
1561,1148,equipment; installation; apparatus; device; unit,EN
1562,1149,(a) patient,EN
1563,1150,remnant; residue; remaining; left-over,EN
1564,1151,character; personality; disposition; nature,EN
1565,1152,stimulus; impetus; incentive; encouragement; motivation; provocation; excitement; thrill,EN
1566,1153,plan; project; schedule; scheme; program; programme,EN
1567,1154,claim; demand; charge; application; request; billing (for a service),EN
1568,1155,sphere,EN
1569,1156,genuine article; real thing; real deal,EN
1570,1157,tale; story; legend,EN
1571,1158,repairing; mending; servicing,EN
1572,1159,make-up; makeup; cosmetics,EN
1573,1160,applying (e.g. a technology); adoption,EN
1574,1161,professor,EN
1575,1161,teaching; instruction,EN
1576,1162,tea,EN
1577,1162,tea plant (Camellia sinensis),EN
1578,1163,huge; gigantic; enormous,EN
1579,1164,doctorate; PhD; Dr (as a title),EN
1580,1164,expert; learned person,EN
1581,1165,end (e.g. of street); tip; point; edge; margin,EN
1582,1165,beginning; start; first,EN
1583,1166,cloth,EN
1584,1166,bujian (spade-shaped bronze coin of ancient China),EN
1585,1167,thought; idea; ideology,EN
1586,1168,abundance; wealth; plenty; bounty,EN
1587,1169,age; years,EN
1588,1170,"inspection (e.g. customs, factory); examination; scan (e.g. MRI, PET, etc.)",EN
1589,1171,civilization; civilisation; culture,EN
1590,1171,Bummei era (1469.4.28-1487.7.20),EN
1591,1172,mood; ambience; ambiance; aura; feel,EN
1592,1172,a certain air; presence; special aura; something (about someone),EN
1593,1173,organization; organisation; association,EN
1594,1174,tradition; convention,EN
1595,1175,another person; other people; others,EN
1596,1175,unrelated person (i.e. not related by blood),EN
1597,1176,serious; important; significant; grave; weighty,EN
1598,1177,garments; attire,EN
1599,1178,reliance; trust; faith; confidence,EN
1600,1179,"operation (of a machine, etc.); operating; running; run",EN
1601,1179,driving,EN
1602,1180,consideration; examination; investigation; study; scrutiny; discussion; analysis; review,EN
1603,1181,(fine) art; the arts,EN
1604,1182,shadow; silhouette; figure; shape,EN
1605,1182,reflection; image,EN
1606,1183,price; cost,EN
1607,1183,value; worth; merit,EN
1608,1184,leadership; guidance; coaching,EN
1609,1184,shido (disciplinary action for a minor infringement of the rules of judo),EN
1610,1185,construction; establishment,EN
1611,1186,confidence; dependence; credit; faith; reliance; belief; credence; trust,EN
1612,1187,proposal; proposition; suggestion,EN
1613,1188,pleasant; agreeable; comfortable,EN
1614,1189,reporter,EN
1615,1190,profit; gains,EN
1616,1190,"benefit; advantage; interest (of the public, etc.)",EN
1617,1191,"person's origin (e.g. city, country, parentage, school)",EN
1618,1192,discovery; detection; finding,EN
1619,1193,identical; equal to; same (kind); like; similarity,EN
1620,1194,commonness; community,EN
1621,1195,ball; sphere; globe; orb,EN
1622,1195,"bead (of sweat, dew, etc.); drop; droplet",EN
1623,1196,state; state of affairs; situation; circumstances,EN
1624,1196,appearance; look; aspect,EN
1625,1197,master; expert,EN
1626,1198,nation; nationality; people; citizen,EN
1627,1199,all members (unanimity); all hands; the whole crew; everyone; everybody,EN
1628,1200,consciousness,EN
1629,1200,awareness; sense,EN
1630,1201,means; way; measure,EN
1631,1202,mark; objective; target,EN
1632,1203,universe; cosmos; space,EN
1633,1204,centre; center,EN
1634,1205,classical music,EN
1635,1206,actress,EN
1636,1207,travel; trip; journey,EN
1637,1208,signal; signalling; signaling,EN
1638,1208,traffic light; traffic signal,EN
1639,1209,religion; religious affiliation; belief; faith; creed,EN
1640,1209,religious activity,EN
1641,1210,symptoms; condition,EN
1642,1211,class (e.g. school); grade; rank,EN
1643,1212,hole,EN
1644,1212,"deficit; shortage; missing person (in a team, meeting, etc.)",EN
1645,1213,mountain climbing,EN
1646,1214,cash; ready money; money on hand; currency,EN
1647,1215,at that time; in those days,EN
1648,1216,being deeply moved emotionally; excitement; passion; deep emotion; impression,EN
1649,1217,railroad; railway; rail transport,EN
1650,1218,food; foodstuff,EN
1651,1219,worry; concern; anxiety,EN
1652,1219,care; help; aid; assistance,EN
1653,1220,plus; addition,EN
1654,1220,positive number,EN
1655,1221,memory; recollection; remembrance,EN
1656,1221,storage,EN
1657,1222,one o'clock,EN
1658,1222,once; at one time; formerly; before,EN
1659,1223,calculation; reckoning; count,EN
1660,1223,forecast,EN
1661,1224,truth; reality; actuality; fact,EN
1662,1225,married couple; spouses; husband and wife; couple; pair,EN
1663,1225,"his and hers; pair of objects, one larger (for man), one smaller (for woman)",EN
1664,1226,violation; offense; offence; breach; transgression; infringement; contravention,EN
1665,1227,restoration; rehabilitation; recovery; return; replevin; improvement,EN
1666,1227,recovery (from an illness); recuperation; convalescence,EN
1667,1228,theatre; theater; playhouse,EN
1668,1229,teacher (classroom),EN
1669,1230,bag; sack; pouch,EN
1670,1230,skin of an orange (and other like fruits),EN
1671,1231,singer,EN
1672,1232,value; worth; merit,EN
1673,1233,oil,EN
1674,1234,success; passing (e.g. exam); eligibility,EN
1675,1235,state; province; county; oblast; department (of ancient China),EN
1676,1235,continent,EN
1677,1236,sense; sensation; feeling; intuition,EN
1678,1237,supervision; control; superintendence; direction,EN
1679,1237,director; superintendent; supervisor; coach; foreman; manager; overseer; controller; boss,EN
1680,1238,lunch; midday meal,EN
1681,1238,food served at a tea party (tea ceremony),EN
1682,1239,question; problem; doubt; guess,EN
1683,1240,smiling face; smile,EN
1684,1241,crime; offence; offense,EN
1685,1242,attendance; presence; appearance,EN
1686,1243,training; drill; practice; discipline,EN
1687,1244,mistake; error; blunder,EN
1688,1244,accident; mishap; trouble,EN
1689,1245,scenery; scene; landscape; view; sight,EN
1690,1245,scene (e.g. of a crime),EN
1691,1246,organization; organisation; configuration; composition,EN
1692,1247,association; union; guild,EN
1693,1248,maintenance; preservation; improvement,EN
1694,1249,mother,EN
1695,1250,field; sphere; realm; division; branch,EN
1696,1251,custom; practice; habit; usual,EN
1697,1251,said; aforementioned,EN
1698,1252,question; query,EN
1699,1253,stock; share,EN
1700,1253,stump,EN
1701,1254,passage through (e.g. train skipping a station); transit,EN
1702,1254,"passing (e.g. exam, bill through parliament)",EN
1703,1255,peculiarity; uniqueness; characteristic,EN
1704,1255,understood only by oneself,EN
1705,1256,component; factor; item (e.g. in list),EN
1706,1256,element (e.g. in array); member (e.g. data structure),EN
1707,1257,restriction; restraint; limitation; limit,EN
1708,1258,occupation; business,EN
1709,1259,(social) position; status,EN
1710,1260,mark; sign,EN
1711,1260,symbol; emblem,EN
1712,1261,powerful; strong,EN
1713,1262,moment; second; instant,EN
1714,1263,after all; eventually; in the end,EN
1715,1263,conclusion; end,EN
1716,1264,breathing; respiration,EN
1717,1264,knack; trick; secret (of doing something),EN
1718,1265,company; fellow; colleague; associate; comrade; mate; group; circle of friends; partner,EN
1719,1265,member of the same category,EN
1720,1266,obvious; evident; clear; plain,EN
1721,1267,capital city; metropolis,EN
1722,1268,fact; truth; reality,EN
1723,1269,coincidence; agreement; union; match,EN
1724,1269,conformity; consistency,EN
1725,1270,language,EN
1726,1271,resources,EN
1727,1272,request; commission; dispatch; despatch,EN
1728,1272,dependence; trust,EN
1729,1273,reality; actuality; hard fact,EN
1730,1274,bottom; sole,EN
1731,1275,thoroughness; completeness; consistency,EN
1732,1275,"thorough enforcement; seeing to it that a policy, etc. is carried out without exception",EN
1733,1276,the other day; a few days ago,EN
1734,1277,wisdom; wit; sagacity; sense; intelligence,EN
1735,1277,prajna (insight leading to enlightenment),EN
1736,1278,extent; scope; sphere; range; span,EN
1737,1279,Sunday,EN
1738,1280,skin; hide; pelt; fur,EN
1739,1280,rind; peel; husk; bark,EN
1740,1281,diplomacy,EN
1741,1281,selling (e.g. door-to-door); canvassing,EN
1742,1282,queen,EN
1743,1283,chest; breast,EN
1744,1283,breasts; bosom; bust,EN
1745,1284,finding employment; getting a job,EN
1746,1285,figure; form; shape,EN
1747,1285,appearance; dress; guise,EN
1748,1286,quotation; citation; reference,EN
1749,1287,prince,EN
1750,1287,subordinate Kumano shrine,EN
1751,1288,doctrine; rule; principle; -ism,EN
1752,1289,branch office; branch store,EN
1753,1290,game; match; contest,EN
1754,1291,oil; petroleum; kerosene,EN
1755,1292,permission; approval; authorization; license,EN
1756,1293,certainty; reliability; soundness,EN
1757,1294,clothes,EN
1758,1295,pattern; figure; design,EN
1759,1295,state; condition,EN
1760,1296,promise,EN
1761,1297,happiness; good fortune; luck; blessing,EN
1762,1298,queue; line; row; column; sequence; string; train,EN
1763,1299,wonderful; gorgeous; splendor; splendour; pomp; extravagance,EN
1764,1300,peace; harmony,EN
1765,1301,leather,EN
1766,1302,overall victory; championship,EN
1767,1303,height (of body); stature,EN
1768,1304,estimate; budget,EN
1769,1305,practice; practising; performance; execution (e.g. program) (programme); realization; realisation; implementation,EN
1770,1306,doctor; physician,EN
1771,1307,wife; Mrs; madam,EN
1772,1307,"wife of a nobleman (aristocrat, etc.)",EN
1773,1308,roof,EN
1774,1309,(suffering) damage; injury; harm,EN
1775,1310,century; era,EN
1776,1311,chapter; section,EN
1777,1311,medal,EN
1778,1312,standpoint; position; situation,EN
1779,1313,cattle (Bos taurus); cow; bull; ox; calf,EN
1780,1313,beef,EN
1781,1314,scholar,EN
1782,1315,ship; boat; watercraft; vessel; steamship,EN
1783,1315,tank; tub; vat; trough,EN
1784,1316,futility; uselessness; pointlessness,EN
1785,1317,species; kind; variety,EN
1786,1318,horse,EN
1787,1318,horse racing,EN
1788,1319,agriculture,EN
1789,1320,author (usu. of a particular book); writer,EN
1790,1321,meeting; rendezvous; encounter,EN
1791,1321,confluence,EN
1792,1322,physics; law of nature,EN
1793,1323,liking; taste; choice,EN
1794,1324,right; privilege,EN
1795,1325,studying abroad (usu. at university level),EN
1796,1326,fame; reputation; popularity,EN
1797,1326,rumour (rumor); talk,EN
1798,1327,father,EN
1799,1328,experiment,EN
1800,1329,ambassador,EN
1801,1330,memories; recollections; reminiscence,EN
1802,1331,serious; severe; grave; acute,EN
1803,1332,National Diet; parliament; congress,EN
1804,1333,examination paper; examination script,EN
1805,1334,silver (Ag),EN
1806,1334,silver coin; money,EN
1807,1335,prevention; precaution; protection against,EN
1808,1336,attack; strike; offensive,EN
1809,1336,criticism; censure; denunciation; condemnation,EN
1810,1337,strangeness; abnormality; disorder,EN
1811,1338,"member of the Diet, congress or parliament",EN
1812,1339,interior; inner part; inside,EN
1813,1340,housewife; mistress (of the house); homemaker,EN
1814,1341,material; substance,EN
1815,1341,matter,EN
1816,1342,prefectural governor,EN
1817,1343,importance; stress; serious consideration,EN
1818,1344,imagination; guess,EN
1819,1345,citizens; inhabitants; residents; population,EN
1820,1346,present condition; existing state; status quo; current state,EN
1821,1347,triumph; prosperity,EN
1822,1347,pride,EN
1823,1348,continent,EN
1824,1348,continental Asia (esp. mainland China),EN
1825,1349,attitude; manner; behaviour,EN
1826,1350,root (of a plant),EN
1827,1350,"root (of a tooth, hair, etc.); center (of a pimple, etc.)",EN
1828,1351,someone; somebody,EN
1829,1352,welcome; reception,EN
1830,1353,fire fighting,EN
1831,1353,fire department; fire brigade,EN
1832,1354,(romantic) love,EN
1833,1355,cooked rice,EN
1834,1355,meal; food,EN
1835,1356,scene; setting (e.g. of novel); situation,EN
1836,1357,recognition; acknowledgement; acknowledgment; approval; consent; agreement,EN
1837,1358,manual labor; manual labour; toil; work,EN
1838,1358,Labour Party,EN
1839,1359,incident; affair; happening; event,EN
1840,1360,difficulty; distress,EN
1841,1361,group; mass,EN
1842,1362,they (of people); gentlemen (of the ...),EN
1843,1362,you (usu. plural),EN
1844,1363,proof; verification; certification,EN
1845,1364,"Prime Minister; Chancellor (Germany, Austria, etc.); Premier",EN
1846,1365,remainder; rest; balance; remains; scraps; residue; remnant,EN
1847,1366,force; vigor; vigour; energy; spirit; life,EN
1848,1366,influence; authority; power; might,EN
1849,1367,phenomenon,EN
1850,1368,warning; advice,EN
1851,1369,suspension; stoppage; discontinuance; interruption,EN
1852,1370,stands; bleachers,EN
1853,1370,stand (e.g. newspaper stand); counter (e.g. lunch counter),EN
1854,1371,injustice; unfairness; iniquity; impropriety; irregularity; dishonesty; illegality; fraud,EN
1855,1372,ring; circle; loop,EN
1856,1372,hoop,EN
1857,1373,"star (cinema, sports, etc.); celebrity; idol",EN
1858,1373,star symbol; asterisk,EN
1859,1374,desire; wish; request; prayer; petition; application,EN
1860,1375,plain; field,EN
1861,1375,hidden (structural) member,EN
1862,1376,battle; fight; struggle; conflict,EN
1863,1377,income; receipts; revenue,EN
1864,1378,trial; judgement; judgment,EN
1865,1379,defeat; loss; losing (a game),EN
1866,1380,(surgical) operation; procedure,EN
1867,1381,musical performance,EN
1868,1382,claim; request; insistence; assertion; advocacy; emphasis; contention; opinion; tenet,EN
1869,1383,documents; official papers,EN
1870,1384,love; affection,EN
1871,1385,origin; beginning,EN
1872,1386,thesis; essay; treatise; paper; article,EN
1873,1387,pole; rod; stick,EN
1874,1388,praiseworthy act; feat; commendable deed,EN
1875,1389,completion; conclusion,EN
1876,1389,"perfect (tense, form, aspect)",EN
1877,1390,part; assigning (allotment of) parts; role; duties,EN
1878,1391,date; dating,EN
1879,1392,concern; interest,EN
1880,1393,woman; lady; adult female,EN
1881,1394,back; lower back; waist; hips; lumbar region,EN
1882,1394,"body (of hair, noodle, paper, etc.); resilience; spring",EN
1883,1395,pertinent; appropriate; adequate; relevance,EN
1884,1396,candidate; contender; prospect; pick; choice; list,EN
1885,1396,candidacy; candidature; nomination,EN
1886,1397,pine tree (Pinus spp.),EN
1887,1397,highest (of a three-tier ranking system),EN
1888,1398,bento; Japanese box lunch,EN
1889,1399,Saturday,EN
1890,1400,delivery; distribution,EN
1891,1401,"belt (waist, seat, etc.); strap",EN
1892,1401,belt; zone; area,EN
1893,1402,most part; greater part; majority,EN
1894,1403,trouble; bother; annoyance,EN
1895,1404,we,EN
1896,1405,criticism; judgement; judgment; comment,EN
1897,1406,departure,EN
1898,1407,win; victory,EN
1899,1408,resistance; opposition; standing up to,EN
1900,1408,reluctance; repulsion; repugnance,EN
1901,1409,advantageous; better; profitable; lucrative,EN
1902,1410,life; life force,EN
1903,1410,lifetime; lifespan,EN
1904,1411,museum,EN
1905,1412,dissatisfaction; displeasure; discontent; complaints; unhappiness; disgruntled,EN
1906,1413,argument; discussion; dispute; controversy,EN
1907,1414,situation; (present) state of affairs; circumstances,EN
1908,1415,increase; increment; addition,EN
1909,1416,tiredness; fatigue,EN
1910,1417,daytime; during the day,EN
1911,1417,Sino-Japanese,EN
1912,1418,honesty; integrity; frankness,EN
1913,1419,tiger (Panthera tigris),EN
1914,1419,drunkard; drunk; sot,EN
1915,1420,lecture; address; speech,EN
1916,1421,superiority; excellence,EN
1917,1422,reading,EN
1918,1423,work; labor; labour,EN
1919,1423,achievement; performance; ability; talent,EN
1920,1424,present day; modern times; recent times,EN
1921,1424,"early modern period (in Japan, usu. from the Meiji Restoration until the end of World War II)",EN
1922,1425,arrest; apprehension; capture,EN
1923,1426,wound; injury; cut; gash; bruise; scratch; scrape; scar,EN
1924,1426,chip; crack; scratch; nick,EN
1925,1427,commuting to school; school commute,EN
1926,1428,shoulder,EN
1927,1429,order; command; decree; directive,EN
1928,1429,(software) instruction; statement,EN
1929,1430,laugh; laughter,EN
1930,1430,smile,EN
1931,1431,housework; domestic chores,EN
1932,1431,family affairs; household matters,EN
1933,1432,party (political),EN
1934,1432,faction; -ite,EN
1935,1433,valley,EN
1936,1434,week,EN
1937,1435,assistance; aid; support,EN
1938,1436,entrance; admission; entering,EN
1939,1437,great war; great battle,EN
1940,1438,development; growth; advancement; unfurling,EN
1941,1438,expansion; extension; enlargement,EN
1942,1439,mankind; humanity,EN
1943,1440,joy; delight; rapture; pleasure; gratification; rejoicing; congratulations; felicitations,EN
1944,1441,in succession; one by one,EN
1945,1442,picture; painting,EN
1946,1443,funds; capital,EN
1947,1444,surroundings; environs,EN
1948,1444,circumference,EN
1949,1445,bill; account; finance; accountant; treasurer; paymaster; reckoning,EN
1950,1446,pastry; confectionery,EN
1951,1447,chair; stool,EN
1952,1447,post; office; position,EN
1953,1448,president; chief executive,EN
1954,1449,tendency; trend; inclination,EN
1955,1450,lover; sweetheart,EN
1956,1451,surplus; margin; leeway; room; time; allowance; flexibility; scope; rope,EN
1957,1451,composure; placidity; complacency; calm,EN
1958,1452,delicate; subtle; sensitive,EN
1959,1452,difficult; delicate (situation); complicated,EN
1960,1453,tune; tone; key; pitch; time; rhythm,EN
1961,1453,vein; mood; way; manner; style; knack,EN
1962,1454,instant; time; moment,EN
1963,1455,precious; valuable,EN
1964,1456,common sense; good sense; common knowledge; general knowledge; common practice; accepted practice; social etiquette,EN
1965,1457,intelligence; intellect; brains,EN
1966,1458,composition; setting (of music),EN
1967,1459,outing; trip; going out,EN
1968,1460,conclusion,EN
1969,1461,level; standard,EN
1970,1461,water level,EN
1971,1462,discrimination; distinction; differentiation,EN
1972,1463,army; force; troops,EN
1973,1464,skin,EN
1974,1464,body (in the context of intimate bodily contact),EN
1975,1465,border; boundary,EN
1976,1465,turning point; watershed,EN
1977,1466,limit; bound,EN
1978,1467,quality,EN
1979,1468,domination; rule; control; direction; guidance,EN
1980,1469,single word; a few words; brief comment,EN
1981,1470,majority; more than half; most (of),EN
1982,1470,mostly; largely; mainly; predominately; nearly,EN
1983,1471,nerve,EN
1984,1471,nerves; sensitivity,EN
1985,1472,acting; performance,EN
1986,1473,philosophy,EN
1987,1474,duty; obligation; responsibility,EN
1988,1475,disorder; chaos; confusion; mayhem,EN
1989,1476,tension; mental strain; nervousness,EN
1990,1477,satellite,EN
1991,1478,export,EN
1992,1478,efferent,EN
1993,1479,rapid (e.g. progress),EN
1994,1480,opinion; point of view,EN
1995,1481,aviation; flight; flying,EN
1996,1482,trial; test,EN
1997,1483,shape; form; figure; posture; pose,EN
1998,1483,appearance,EN
1999,1484,sleep,EN
2000,1485,(police) detective,EN
2001,1485,criminal matter,EN
2002,1486,train (ordinary),EN
2003,1487,cabinet minister,EN
2004,1488,picture (framed),EN
2005,1488,amount or sum (of money),EN
2006,1489,divorce,EN
2007,1490,whole year; all year round; throughout the year,EN
2008,1491,expenditure; expenses,EN
2009,1492,congress; parliament; diet; legislative assembly,EN
2010,1493,respect; esteem; regard,EN
2011,1494,supply; provision,EN
2012,1495,iron (Fe),EN
2013,1495,strong and hard (as iron),EN
2014,1496,pain; ache; soreness; grief; distress,EN
2015,1496,damage; injury; wear; bruise; break,EN
2016,1497,order; turn,EN
2017,1498,bone,EN
2018,1498,frame,EN
2019,1499,property; fortune; assets,EN
2020,1500,poor (at); weak (in); not very good (at),EN
2021,1500,dislike (of); difficult to deal with,EN
2022,1501,society; the world; the times,EN
2023,1502,meeting; assembly,EN
2024,1502,association,EN
2025,1503,safety; peace; quietness,EN
2026,1504,food,EN
2027,1505,fairness; impartial; justice,EN
2028,1506,results; record; grades; marks,EN
2029,1507,oni; ogre; demon,EN
2030,1507,spirit of a deceased person,EN
2031,1508,bundle; bunch; sheaf,EN
2032,1509,suicide,EN
2033,1510,association; socializing; socialising; fellowship,EN
2034,1511,warm; mild; temperate; warmth,EN
2035,1512,damage; injury; loss,EN
2036,1513,wonder; miracle; strange; mystery; marvel; curiosity,EN
2037,1514,contribution (furthering a goal or cause); services (to a cause),EN
2038,1515,explosion; detonation; eruption,EN
2039,1516,remainder; rest; balance; remains; scraps; residue; remnant,EN
2040,1517,tax; duty,EN
2041,1518,cherry tree; cherry blossom,EN
2042,1518,decoy; fake buyer; shill,EN
2043,1519,hut; cabin; shed; (animal) pen,EN
2044,1519,small theatre (theater); temporary playhouse; circus tent; booth,EN
2045,1520,license; permit; licence; certificate,EN
2046,1521,home town; birthplace; native place; one's old home,EN
2047,1521,ruins; historic remains,EN
2048,1522,world; society,EN
2049,1523,invitation,EN
2050,1524,painter; artist,EN
2051,1525,condition; state; business (condition),EN
2052,1526,nutrition; nourishment,EN
2053,1527,tower; steeple; spire,EN
2054,1527,stupa; pagoda; dagoba,EN
2055,1528,"entering a higher-level school, esp. going on to university",EN
2056,1529,contribution; donation,EN
2057,1530,fortune; luck,EN
2058,1531,negation; denial; repudiation; disavowal,EN
2059,1531,NOT operation,EN
2060,1532,retire,EN
2061,1533,"chairman; speaker (e.g. of assembly); president (e.g. of council, senate, etc.); moderator (e.g. of a newsgroup)",EN
2062,1534,parting; separation; farewell; (lateral) branch; fork; offshoot; division; section,EN
2063,1535,accurate; punctual; exact; authentic; veracious; correct,EN
2064,1536,facing; opposite; across the street; other side,EN
2065,1537,sweat; perspiration,EN
2066,1537,moisture; condensation,EN
2067,1538,eternity; perpetuity; immortality; permanence,EN
2068,1539,tip; top,EN
2069,1539,end; close (e.g. close of the month),EN
2070,1540,money; cash,EN
2071,1541,textbook; text book,EN
2072,1542,Japanese apricot (Prunus mume); Chinese plum,EN
2073,1542,lowest (of a three-tier ranking system),EN
2074,1543,entry; filling in of forms,EN
2075,1544,"single layer (or storey, etc.)",EN
2076,1545,consent; assent; agreement,EN
2077,1545,understanding; comprehension; grasp,EN
2078,1546,present; souvenir,EN
2079,1547,trouble; difficulty; care; attention,EN
2080,1548,calm; composure; coolness; serenity,EN
2081,1549,constitution,EN
2082,1550,simplicity; simple; uncomplicated,EN
2083,1551,type; pattern; model; epitome; exemplar; archetypal; representative,EN
2084,1552,prize; award,EN
2085,1553,national border; provincial border,EN
2086,1554,unhappiness; sorrow; misfortune; disaster; accident; death,EN
2087,1555,unemployment,EN
2088,1556,thanks; gratitude,EN
2089,1556,manners; etiquette,EN
2090,1557,house; home; husband,EN
2091,1558,actor; actress; player; performer,EN
2092,1559,prediction; estimation,EN
2093,1560,advance; drive; progress,EN
2094,1561,they (usually male); them,EN
2095,1562,abdomen; belly; stomach,EN
2096,1562,womb,EN
2097,1563,disadvantage; handicap; unfavorable; unfavourable; drawback,EN
2098,1564,atmospheric temperature,EN
2099,1565,sisters,EN
2100,1566,through; by way of; via,EN
2101,1567,equality; impartiality; evenness,EN
2102,1568,buttocks; behind; rump; bottom,EN
2103,1568,undersurface; bottom,EN
2104,1569,provision; supply; payment; allowance; grant,EN
2105,1570,troubles; hardships,EN
2106,1571,annotation; explanatory note; comment,EN
2107,1572,passage; passing,EN
2108,1572,common usage,EN
2109,1573,farmer; farm family,EN
2110,1574,moment; instant,EN
2111,1575,day of the week,EN
2112,1576,atmosphere,EN
2113,1577,(single-edged) sword; katana,EN
2114,1577,dagger; knife,EN
2115,1578,muscle; sinew,EN
2116,1579,observation; survey,EN
2117,1580,use; service; role,EN
2118,1580,post; position,EN
2119,1581,national language,EN
2120,1581,Japanese language (often as a school subject in Japan),EN
2121,1582,spring; fountain,EN
2122,1583,audience; spectator; spectators,EN
2123,1584,speech; address,EN
2124,1585,dependent upon,EN
2125,1585,as soon as; immediately (upon),EN
2126,1586,absorption; suction; attraction,EN
2127,1587,safe; strongbox; cashbox; vault; strongroom,EN
2128,1587,depository; cash office; treasury; provider of funds,EN
2129,1588,forecast; prediction,EN
2130,1589,flour; meal; powder,EN
2131,1590,noon; mid-day,EN
2132,1591,plate; dish; platter; disc,EN
2133,1591,serving; helping; course,EN
2134,1592,sensation; feeling,EN
2135,1592,tendency; propensity,EN
2136,1593,the vertical; height,EN
2137,1593,front-to-back; length,EN
2138,1594,breath; breathing,EN
2139,1594,tone; mood,EN
2140,1595,looking after; help; aid; assistance,EN
2141,1596,clean; hygienic; sanitary,EN
2142,1596,pure; virtuous; immaculate,EN
2143,1597,months and years,EN
2144,1598,(school) subject; curriculum; course,EN
2145,1599,group (usu. of people),EN
2146,1600,offender; criminal,EN
2147,1601,zeal; enthusiasm,EN
2148,1602,gem; jewel; precious stone,EN
2149,1603,collision; crash; running into,EN
2150,1603,conflict; quarrel; clashing,EN
2151,1604,old people; the aged,EN
2152,1604,trustee of the Japan Sumo Association; retired high-ranking wrestler who is licensed to coach and receives retirement pay,EN
2153,1605,drama; play,EN
2154,1605,powerful drug,EN
2155,1606,consideration; taking into account,EN
2156,1607,time; labour; labor; effort; trouble (in the sense of effort),EN
2157,1608,trace; tracks; mark; sign,EN
2158,1608,site; remains; ruins,EN
2159,1609,Sunday,EN
2160,1610,medium; average; middle,EN
2161,1610,moderation,EN
2162,1611,down-train (going away from Tokyo),EN
2163,1611,down-slope; downward going,EN
2164,1612,upper reaches (of a river); upper stream,EN
2165,1612,top; upper part; upper half (of the body),EN
2166,1613,one-quarter of a ryou (obsolete unit of currency),EN
2167,1614,part; segment; share; ration,EN
2168,1614,rate,EN
2169,1615,drawing; picture; diagram; figure; illustration; chart; graph,EN
2170,1615,sight; scene,EN
2171,1616,raw; uncooked; fresh,EN
2172,1616,natural; as it is; unedited; unprocessed,EN
2173,1617,person,EN
2174,1618,meeting; assembly; party,EN
2175,1618,association; club,EN
2176,1619,smallness; small item,EN
2177,1619,short month (i.e. having fewer than 31 days),EN
2178,1620,later; afterwards; since,EN
2179,1620,future,EN
2180,1621,lower reaches (of a river),EN
2181,1621,bottom; lower part,EN
2182,1622,"lowness (of degree, value, etc.); inferiority",EN
2183,1622,second volume (of two); third volume (of three),EN
2184,1623,curtain; bunting,EN
2185,1623,act (in play),EN
2186,1624,books,EN
2187,1625,sunlight,EN
2188,1626,moon,EN
2189,1626,month,EN
2190,1627,good; goodness; right; virtue,EN
2191,1628,disappointment; despair,EN
2192,1629,strange; queer; curious,EN
2193,1630,"degree (angle, temperature, scale, etc.)",EN
2194,1631,"time (three times, each time, etc.); times",EN
2195,1632,prices of commodities; prices (in general); cost-of-living,EN
2196,1633,"gold (Au); golden (color); gold (medal, cup)",EN
2197,1633,valuable; of highest value,EN
2198,1634,money,EN
2199,1634,metal,EN
2200,1635,nature (of a person),EN
2201,1635,sex,EN
2202,1636,sentence,EN
2203,1636,composition; text; writings,EN
2204,1637,lightning; thunder; thunderbolt,EN
2205,1637,god of thunder; god of lightning,EN
2206,1638,visiting ill or distressed people; writing get-well letters,EN
2207,1638,get-well gifts; get-well letters,EN
2208,1639,law; act; principle,EN
2209,1639,method,EN
2210,1640,bay; gulf; inlet,EN
2211,1641,language study,EN
2212,1642,scene; spectacle; sight; view,EN
2213,1643,pollution; contamination,EN
2214,1644,salary; wages,EN
2215,1645,face,EN
2216,1645,mask; face guard,EN
2217,1646,friend; ally; supporter,EN
2218,1647,quantity; amount,EN
2219,1648,table (e.g. Table 1); chart; list,EN
2220,1649,trade; business; commerce; transaction; occupation,EN
2221,1650,ball,EN
2222,1650,bowl,EN
2223,1651,major subject; special study,EN
2224,1652,nothing; naught; nought; nil; zero,EN
2225,1653,sudden; precipitous; radical,EN
2226,1654,heart,EN
2227,1654,guts; nerve; cheek; gall; spine,EN
2228,1655,market; fair,EN
2229,1656,tear; tears; lachrymal secretion,EN
2230,1656,sympathy,EN
2231,1657,job; work; employment; occupation; position,EN
2232,1657,duties,EN
2233,1658,elegance; grace; refinement; class; dignity,EN
2234,1659,article; item; thing; goods; stock,EN
2235,1659,quality,EN
2236,1660,former; ex-; past; one-time,EN
2237,1661,gathering; meeting; assembly; collection; attendance,EN
2238,1662,conflagration; fire,EN
2239,1663,apology; excuse,EN
2240,1664,crime; sin; wrongdoing; indiscretion,EN
2241,1664,penalty; sentence; punishment,EN
2242,1665,wife; bride,EN
2243,1665,(one's) daughter-in-law,EN
2244,1666,postponement; adjournment,EN
2245,1667,seat,EN
2246,1668,favourable; favorable; doing well; OK; all right,EN
2247,1669,tragedy; tragic drama; tragic play,EN
2248,1669,tragedy; calamity; disaster,EN
2249,1670,middle; half; semi; halfway; partly,EN
2250,1671,bachelorhood; single; unmarried; celibate,EN
2251,1672,scholarship; study; learning,EN
2252,1672,discipline; branch of learning; (a) science,EN
2253,1673,abstaining from smoking; quitting smoking,EN
2254,1674,debt; loan; liabilities,EN
2255,1675,passenger,EN
2256,1676,"other (place, thing, person); the rest",EN
2257,1676,outside; beyond,EN
2258,1677,section (i.e. of text); sentence; passage; paragraph,EN
2259,1677,phrase,EN
2260,1678,equation; formula; expression,EN
2261,1678,ceremony,EN
2262,1679,careful; cautious; prudent; discreet; deliberate,EN
2263,1680,refereeing; trial; judgement; judgment; umpire; referee,EN
2264,1681,coworker; co-worker; colleague; associate,EN
2265,1682,(religious) faith; belief; creed,EN
2266,1683,meeting; greeting; welcome,EN
2267,1684,noise,EN
2268,1685,armed forces; military; troops,EN
2269,1686,farmers; peasants,EN
2270,1687,race (of people),EN
2271,1687,type of person,EN
2272,1688,stay; sojourn,EN
2273,1689,holiday; day off; furlough; absence (from work),EN
2274,1690,flag,EN
2275,1690,pataka (banner),EN
2276,1691,prefecture (of Japan),EN
2277,1691,county (of China),EN
2278,1692,flame; blaze,EN
2279,1692,"flames (of intense emotion, e.g. love, jealousy, anger); passion",EN
2280,1693,economising; saving,EN
2281,1694,progress; advance; improvement; development,EN
2282,1695,dining table,EN
2283,1696,controversy; dispute,EN
2284,1697,explanation; interpretation,EN
2285,1698,"legume (esp. edible legumes or their seeds, such as beans, peas, pulses, etc.); beans; peas",EN
2286,1698,soya bean (Glycine max); soybean; soy,EN
2287,1699,courage; bravery; valour; valor; nerve; boldness,EN
2288,1700,high price,EN
2289,1701,office,EN
2290,1702,signature,EN
2291,1703,quantity; amount; volume; portion (of food),EN
2292,1704,putting money aside; savings; deposit (e.g. in a bank),EN
2293,1704,accumulated surplus of wins; wins in the bank,EN
2294,1705,handshake,EN
2295,1706,pride; boast,EN
2296,1707,oxygen (O),EN
2297,1708,number (in a series),EN
2298,1708,(one's) turn,EN
2299,1709,complaint; grumbling; objection,EN
2300,1709,phrase; words; expression,EN
2301,1710,companion; company,EN
2302,1711,bottle; jar; decanter; flagon; phial; vial,EN
2303,1712,discomfort; inconvenience,EN
2304,1712,poverty; want; destitution,EN
2305,1713,peak (e.g. of cherry blossom season); height (e.g. of summer),EN
2306,1713,prime (of one's life); one's best days,EN
2307,1714,approval; agreement; support; favour; favor,EN
2308,1715,charge; duty; person in charge; official; clerk,EN
2309,1715,connection; linking,EN
2310,1716,returning home,EN
2311,1717,without,EN
2312,1717,unacceptable; not alright; unsatisfactory,EN
2313,1718,risk; venture; adventure,EN
2314,1719,video,EN
2315,1720,the latter,EN
2316,1721,living thing; animal,EN
2317,1722,lodging; inn; hotel,EN
2318,1722,house; home; dwelling,EN
2319,1723,poison; toxicant,EN
2320,1723,harm; evil influence,EN
2321,1724,car,EN
2322,1725,sunset; sundown; nightfall; dusk,EN
2323,1725,end; close,EN
2324,1726,engagement; betrothal,EN
2325,1727,succession; inheritance,EN
2326,1728,relief; aid; rescue,EN
2327,1729,company; friendship; association; society; acquaintance,EN
2328,1730,development; growth,EN
2329,1731,devil; demon; fiend,EN
2330,1731,Satan; the Devil,EN
2331,1732,writing brush,EN
2332,1733,resolution; resignation; readiness; preparedness,EN
2333,1734,ticket; coupon; bond; certificate,EN
2334,1735,relation; relationship,EN
2335,1736,weather,EN
2336,1737,space; room; emptiness; gap,EN
2337,1737,opening; vacancy; empty seat,EN
2338,1738,uproar; disturbance,EN
2339,1739,opponent; rival; adversary,EN
2340,1739,menace; danger; threat; enemy,EN
2341,1740,disregarding; ignoring,EN
2342,1741,poem; verse of poetry,EN
2343,1742,Friday,EN
2344,1743,tropics,EN
2345,1744,the former,EN
2346,1745,emergency; unlikely event,EN
2347,1746,rock; boulder,EN
2348,1746,crag; cliff,EN
2349,1747,rim; brim; edge; brink,EN
2350,1748,hill; height; knoll; rising ground,EN
2351,1748,bonus points awarded to the winner at the end of a game,EN
2352,1749,midnight; dead of night,EN
2353,1750,admiration; Well done!,EN
2354,1751,distinction; differentiation; classification,EN
2355,1752,mutual; reciprocal,EN
2356,1753,seeing one off; farewell; escort,EN
2357,1754,strange; unusual,EN
2358,1754,(something) superb; (something) excellent,EN
2359,1755,Monday,EN
2360,1756,land; shore,EN
2361,1757,play; drama,EN
2362,1758,crossing,EN
2363,1758,transverse,EN
2364,1759,can; tin,EN
2365,1760,pride; boast,EN
2366,1761,clapping hands; applause,EN
2367,1762,just a minute; small quantity,EN
2368,1763,poet,EN
2369,1764,bankruptcy; insolvency,EN
2370,1765,misunderstanding,EN
2371,1766,rent,EN
2372,1767,robber; mugger,EN
2373,1767,robbery; burglary,EN
2374,1768,happiness; blessedness; luck; fortune; felicity,EN
2375,1769,lesson,EN
2376,1769,section (in an organization); division; department,EN
2377,1770,climate,EN
2378,1771,trader; shopkeeper; merchant,EN
2379,1772,error; mistake; slip; bug,EN
2380,1773,will; volition; intention; intent; determination,EN
2381,1774,smoke; fumes,EN
2382,1775,gun; rifle; small arms,EN
2383,1776,headache,EN
2384,1777,congestion; crush; crowding; jam,EN
2385,1777,confusion; disorder,EN
2386,1778,bath; bathtub,EN
2387,1778,bathroom; bathhouse,EN
2388,1779,service; duty; business; responsibility; task,EN
2389,1779,Buddhist religious services,EN
2390,1780,appetite (for food),EN
2391,1781,things; everything,EN
2392,1782,criticism; review; commentary,EN
2393,1783,rest; break; recess; intermission,EN
2394,1784,engineer; technician,EN
2395,1785,desert,EN
2396,1786,bone fracture,EN
2397,1787,word; vocabulary; (usually) single-character word,EN
2398,1788,bubble; foam; froth; head on beer,EN
2399,1789,defect; fault; deficiency; deformity,EN
2400,1789,shortage; gap,EN
2401,1790,"close friend; bosom (old, intimate) friend; buddy; crony; chum",EN
2402,1791,grandchild; grandson; granddaughter,EN
2403,1792,blanket,EN
2404,1793,bank; coast; shore,EN
2405,1794,wish; desire; hope,EN
2406,1794,prospect; expectation; (one's) hopes,EN
2407,1795,needle; pin,EN
2408,1795,hook,EN
2409,1796,saucepan; pot,EN
2410,1796,stew; hot pot,EN
2411,1797,field; plain; prairie; tundra; moor; wilderness,EN
2412,1798,school term; semester,EN
2413,1799,patience; endurance; perseverance; tolerance; self-control; self-denial,EN
2414,1800,naked; nude; bare,EN
2415,1801,turn (in line); order of things; sequential order,EN
2416,1802,good luck; fortune,EN
2417,1803,fishing; angling,EN
2418,1803,change (e.g. for a purchase),EN
2419,1804,dress,EN
2420,1805,energy; liveliness,EN
2421,1806,king,EN
2422,1807,destruction; extinction,EN
2423,1808,living room (Western style),EN
2424,1809,rate; ratio; proportion; percentage,EN
2425,1810,congestion (e.g. traffic); delay; stagnation,EN
2426,1811,pain; agony; bitterness,EN
2427,1812,dawn; daybreak,EN
2428,1813,twins; twin,EN
2429,1814,loss; disadvantage,EN
2430,1815,overcoat,EN
2431,1815,over; exceeding; going beyond; exaggeration,EN
2432,1816,greatness,EN
2433,1817,footpath; walkway; sidewalk,EN
2434,1818,"field (for fruits, vegetables, etc.); cultivated land; vegetable plot; kitchen garden; plantation",EN
2435,1818,field (of specialization); sphere; area,EN
2436,1819,wing,EN
2437,1819,"Chinese ""Wings"" constellation (one of the 28 mansions)",EN
2438,1820,cotton plant (Gossypium spp.),EN
2439,1820,batting; wadding; padding,EN
2440,1821,"conquest (problem, disease, handicap, etc. e.g. poverty, illness); overcoming; bringing under control; subjugation; victory over",EN
2441,1822,gravesite; tomb,EN
2442,1823,food (esp. staple food such as rice or wheat); provisions; rations; food supply,EN
2443,1824,harvest; crop; ingathering,EN
2444,1824,fruits (of one's labors); results,EN
2445,1825,bright red; deep red; flushed (of face),EN
2446,1826,helper; assistant,EN
2447,1826,help,EN
2448,1827,(by) chance; unexpectedly; suddenly; accident; fortuity; by coincidence,EN
2449,1828,produce (e.g. agricultural); crops,EN
2450,1829,hindrance; obstacle; nuisance,EN
2451,1830,Thursday,EN
2452,1831,medical examination,EN
2453,1832,rainy season (in Japan from early June to mid-July),EN
2454,1832,rain during the rainy season,EN
2455,1833,knowledge; awareness,EN
2456,1833,consent; acceptance; assent; admitting; compliance; agreement; acknowledgment; acknowledgement,EN
2457,1834,"temperature; body temperature (human, animal)",EN
2458,1835,absence; non-attendance,EN
2459,1836,key,EN
2460,1836,lock,EN
2461,1837,invention,EN
2462,1838,wheat,EN
2463,1839,jest; joke; funny story,EN
2464,1840,abuse; insult; slander; evil speaking; bad mouth,EN
2465,1841,calm; gentle; quiet,EN
2466,1842,stomach,EN
2467,1842,"Chinese ""stomach"" constellation (one of the 28 mansions)",EN
2468,1843,drive; trip by car; driving,EN
2469,1844,space; room; time; pause,EN
2470,1845,parking (e.g. car),EN
2471,1846,mud; slush; (wet) dirt; mire,EN
2472,1846,thief,EN
2473,1847,determination; resolution,EN
2474,1848,service; duty; business; responsibility; task,EN
2475,1848,Buddhist religious services,EN
2476,1849,fault; defect; flaw; weak point; weakness; shortcoming; drawback,EN
2477,1849,failure (in an examination); failing grade,EN
2478,1850,respect; esteem; reverence; honour; honor,EN
2479,1851,old age; old person; the old; the aged,EN
2480,1852,books,EN
2481,1853,notice; bulletin; post; posting; placard,EN
2482,1854,news; tidings; information; correspondence; letter,EN
2483,1855,ice,EN
2484,1855,shaved ice (usually served with flavored simple syrup),EN
2485,1856,respect; honour; honor,EN
2486,1857,coal,EN
2487,1858,tongue,EN
2488,1858,tongue-like object; clapper (of a bell); talon (of a lock),EN
2489,1859,"on the bank of; by the side of (e.g. a river, pond)",EN
2490,1859,(in the) neighbourhood; neighborhood; vicinity; nearby,EN
2491,1860,title; subject; theme; topic,EN
2492,1860,problem (on a test); question,EN
2493,1861,avenue; street; way; road,EN
2494,1861,coming and going; street traffic,EN
2495,1862,top; summit; peak,EN
2496,1863,all night; all-night vigil; sleepless night,EN
2497,1864,preparation; arrangements,EN
2498,1865,manners; etiquette; propriety,EN
2499,1865,"manner of production (esp. of prose, poetry, etc.); way of making",EN
2500,1866,appearing ...; looking ...,EN
2501,1866,way to ...; method of ...ing,EN
2502,1867,calculation; computation; counting; reckoning; count,EN
2503,1867,bill; check; account; payment (of a bill); settlement (of an account),EN
2504,1868,morals,EN
2505,1869,favour; favor; obligation; debt of gratitude,EN
2506,1870,humour; humor; temper; mood; spirits,EN
2507,1870,safety; health; well-being; one's situation,EN
2508,1871,sprout,EN
2509,1872,proprietor; manager; bar-owner,EN
2510,1873,offshore; open sea,EN
2511,1874,proceeding to the capital (Tokyo),EN
2512,1875,cream,EN
2513,1876,drama,EN
2514,1876,TV drama; teledrama; play,EN
2515,1877,gland,EN
2516,1878,Mama,EN
2517,1878,"female proprietress (of a bar, etc.)",EN
2518,1879,rule; regulation,EN
2519,1879,settlement; conclusion; end; agreement; arrangement,EN
2520,1880,injury; harm; evil influence; damage,EN
2521,1881,pleasant; happy,EN
2522,1882,lawn,EN
2523,1883,second (60th min),EN
2524,1884,nest; rookery; breeding place; hive,EN
2525,1884,den,EN
2526,1885,care; precaution; guarding; caution,EN
2527,1886,able; capable; efficient; skill,EN
2528,1887,circle,EN
2529,1887,entirety; whole; full; complete,EN
2530,1888,sofa; couch,EN
2531,1889,moderate,EN
2532,1890,rice plant,EN
2533,1891,sign; signal,EN
2534,1892,evening,EN
2535,1893,poor; pitiable; pathetic; pitiful,EN
2536,1894,emphasis; highlight; stress; stressed point,EN
2537,1895,fog; mist,EN
2538,1895,spray,EN
2539,1896,moat; fosse,EN
2540,1896,canal; ditch,EN
2541,1897,eaves,EN
2542,1897,narrow aisle surrounding the core of a temple building,EN
2543,1898,grain; cereal; corn,EN
2544,1899,hair (head),EN
2545,1900,study; library; den; home office; reading room,EN
2546,1901,manners; courtesy; etiquette,EN
2547,1902,riddle; puzzle; enigma; mystery,EN
2548,1903,expectation; assume will happen; forecast,EN
2549,1904,Tuesday,EN
2550,1905,each; respectively,EN
2551,1906,degree; extent; just right amount of,EN
2552,1906,condition; state of health,EN
2553,1907,fence,EN
2554,1907,wall,EN
2555,1908,aim; mark; estimate; guess; approximation; direction,EN
2556,1909,perception; intuition; the sixth sense,EN
2557,1910,degree; extent; bounds; limit,EN
2558,1911,storm; tempest,EN
2559,1911,difficulty; trouble,EN
2560,1912,blackboard,EN
2561,1913,scholarship; stipend; bursary,EN
2562,1913,student loan,EN
2563,1914,wine,EN
2564,1915,Christmas,EN
2565,1916,handle; grip,EN
2566,1916,"stalk (of a mushroom, leaf, etc.)",EN
2567,1917,(hand) towel,EN
2568,1918,member; participant; attendee; lineup (sport),EN
2569,1919,team,EN
2570,1920,gist; main point,EN
2571,1921,cavity; tooth decay; decayed tooth; caries,EN
2572,1922,engine,EN
2573,1923,sleeve,EN
2574,1923,"wing (of a stage, desk, gate, etc.)",EN
2575,1924,change; money exchange,EN
2576,1925,switch,EN
2577,1926,plan,EN
2578,1927,fruit; nut,EN
2579,1927,seed,EN
2580,1928,flute; fife; pipe; recorder; flageolet; shakuhachi; clarinet,EN
2581,1928,whistle,EN
2582,1929,cheerful; jovial; merry; lively,EN
2583,1929,weather; season,EN
2584,1930,no good; not serving its purpose; useless; broken,EN
2585,1930,hopeless; wasted; in vain; purposeless,EN
2586,1931,seriousness; earnestness,EN
2587,1931,real sword (as opposed to unsharpened or wooden practice weapon),EN
2588,1932,parcel; package,EN
2589,1933,"monkey (esp. the Japanese macaque, Macaca fuscata); ape; non-human primate",EN
2590,1933,sly person,EN
2591,1934,glass (drinking vessel),EN
2592,1934,glass,EN
2593,1935,coin,EN
2594,1935,hard currency,EN
2595,1936,diamond,EN
2596,1936,(railway) schedule,EN
2597,1937,armpit; under one's arm; side; flank,EN
2598,1937,beside; close to; near; by,EN
2599,1938,(approximate) time; around; about; toward,EN
2600,1938,suitable time (or condition),EN
2601,1939,example,EN
2602,1939,simile; metaphor; allegory; fable; parable,EN
2603,1940,birth; birthplace,EN
2604,1940,"born in (country, month, imperial era, zodiac year, etc.)",EN
2605,1941,brake,EN
2606,1942,horn,EN
2607,1943,opposition; resistance; insubordination; defiance; hostility; rebellion,EN
2608,1944,seed (e.g. of a plant); pip; kind; variety; quality; tone,EN
2609,1944,material (e.g. for an article); matter (e.g. of a story); subject; theme; (news) copy,EN
2610,1945,departure of a vehicle,EN
2611,1946,place; spot; space,EN
2612,1946,field; discipline; sphere; realm,EN
2613,1947,dance,EN
2614,1948,truck,EN
2615,1948,"track (running, CD, DVD, etc.)",EN
2616,1949,bench,EN
2617,1950,horizon (related to land),EN
2618,1951,piece; slice; strip; scrap,EN
2619,1951,cloth,EN
2620,1952,complaint; discontent; dissatisfaction,EN
2621,1953,odour; odor; scent; smell; stench,EN
2622,1953,aura; whiff; smacks of ...; sense; flavour; flavor,EN
2623,1954,lunch; noon,EN
2624,1955,autograph; signature,EN
2625,1955,sign,EN
2626,1956,pipe; tube,EN
2627,1956,"channels, official or otherwise; (business) connections",EN
2628,1957,chain; chains,EN
2629,1958,album,EN
2630,1959,association (of ideas); being reminded (of something); suggestion,EN
2631,1960,swimming,EN
2632,1961,bundle; package; parcel; bale,EN
2633,1962,scene; view; prospect; outlook,EN
2634,1963,coach,EN
2635,1964,mostly; ordinarily; usually; generally,EN
2636,1964,probably,EN
2637,1965,lie; falsehood; incorrect fact,EN
2638,1965,Really!; Unbelievable!; No way!,EN
2639,1966,"pin (e.g. hairpin, bowling pin, golf pin, etc.)",EN
2640,1966,"one (on dice, in cards, etc.)",EN
2641,1967,lateness; late coming,EN
2642,1968,these,EN
2643,1969,"just (now, at the moment, etc.); just as; in the act of; as soon as; at the moment that",EN
2644,1970,sleight of hand; conjuring trick; magic; juggling,EN
2645,1971,native Japanese reading (rendering) of a Chinese character,EN
2646,1972,crude; rough; plain; humble; shabby,EN
2647,1973,diligent; serious; honest; sober; grave; earnest; steady,EN
2648,1974,out,EN
2649,1975,camp,EN
2650,1976,"improvement (e.g. in skill, ability); advance; progress",EN
2651,1976,communication of opinions of the general populace to those of high rank,EN
2652,1977,rope; cord,EN
2653,1977,policeman's rope,EN
2654,1978,nodding off (while sitting); dozing,EN
2655,1979,festival; feast,EN
2656,1980,obi; kimono sash,EN
2657,1980,"paper wrapper on books, CDs, etc.",EN
2658,1981,Europe,EN
2659,1982,skiing,EN
2660,1982,ski; skis,EN
2661,1983,rumour; rumor; report; hearsay; gossip; common talk,EN
2662,1984,full; in plenty; ample,EN
2663,1985,ordinary; common; usual,EN
2664,1985,free of charge,EN
2665,1986,trouble; burden; nuisance; bother; worry,EN
2666,1986,care; dependence; support; kindness; obligation; staying (with a person),EN
2667,1987,knee,EN
2668,1987,lap; knee and thigh (while sitting),EN
2669,1988,clan,EN
2670,1989,where; which; who,EN
2671,1989,anyway; anyhow; at any rate,EN
2672,1990,embodiment; manifestation; materialization; materialisation; expression; indication,EN
2673,1991,beer,EN
2674,1992,floor,EN
2675,1992,stage (for the narrator and the shamisen player),EN
2676,1993,manners; behavior; behaviour,EN
2677,1994,absorbed in; immersed in; crazy about; obsessed with; devoted to,EN
2678,1994,forgetting oneself; daze; trance; ecstasy; delirium,EN
2679,1995,"habit (often a bad habit, i.e. vice); tendency",EN
2680,1995,peculiarity; idiosyncrasy; mannerism,EN
2681,1996,market,EN
2682,1997,mistake; error; failure,EN
2683,1997,Miss,EN
2684,1998,tax,EN
2685,1999,date; go on a date,EN
2686,2000,pitiful; unfortunate; (a) pity,EN
2687,2001,jeans,EN
2688,2002,no,EN
2689,2003,cloudiness; cloudy weather; shadow,EN
2690,2004,frost,EN
2691,2005,one by one; each; one at a time,EN
2692,2006,lost child; lost person; stray child; missing child,EN
2693,2007,energy,EN
2694,2007,strength; power; stamina; get-up-and-go,EN
2695,2008,path,EN
2696,2008,"pass (e.g. skipping a move, passing an examination, ticket to allow entry, etc.)",EN
2697,2009,lighter,EN
2698,2009,writer,EN
2699,2010,chance; opportunity,EN
2700,2011,ink,EN
2701,2012,sandbank; sandbar,EN
2702,2013,memorization; memorisation; learning by heart,EN
2703,2014,relative; relation; kin,EN
2704,2015,here and there; this way and that way; everywhere; all over,EN
2705,2016,tent,EN
2706,2017,memo; note; memorandum,EN
2707,2018,(Western) soup,EN
2708,2019,surprise (e.g. surprise party),EN
2709,2020,sound; sounds,EN
2710,2021,going nuts (over something); enthusiasm; zeal; mania,EN
2711,2022,ex-; former; old,EN
2712,2023,rotation,EN
2713,2023,making the rounds,EN
2714,2024,"ton (esp. a metric ton, i.e. 1000 kg); tonne",EN
2715,2025,skating (esp. ice); skate; skates,EN
2716,2026,only; merely; but; no more than,EN
2717,2027,milk,EN
2718,2028,cheese,EN
2719,2029,boat; rowing boat,EN
2720,2030,idea; plan; thought,EN
2721,2030,draft plan; motion; rough copy,EN
2722,2031,racket; paddle (in table-tennis),EN
2723,2032,throat,EN
2724,2032,singing voice,EN
2725,2033,(animal) feed; fodder; pet food,EN
2726,2033,bait; lure; enticement,EN
2727,2034,rabbit; hare; coney; cony; lagomorph (esp. leporids),EN
2728,2035,pilot,EN
2729,2036,"you (formerly honorific, now sometimes derog. term referring to an equal or inferior)",EN
2730,2036,"presence (of a god, nobleman, etc.)",EN
2731,2037,verb,EN
2732,2038,bun,EN
2733,2038,van (caravan),EN
2734,2039,somewhere; anywhere; in some respects,EN
2735,2040,iron (for pressing clothes),EN
2736,2040,hair iron; hair tong; curling tong,EN
2737,2041,paint,EN
2738,2042,hiking,EN
2739,2043,mike; mic; microphone,EN
2740,2044,boy,EN
2741,2044,bellboy; porter; waiter,EN
2742,2045,in the middle of; height of; in course of; midst,EN
2743,2046,goal; basket (basketball); finishing line; winning post,EN
2744,2046,Gaul,EN
2745,2047,pity; sorrow; grief; misery; compassion; pathos,EN
2746,2048,rice field,EN
2747,2049,scissors; shears; clippers,EN
2748,2049,hole punch,EN
2749,2050,captain,EN
2750,2051,something unexpected; emergency,EN
2751,2052,imitating; copying; mimicry,EN
2752,2052,behavior; behaviour; action; conduct,EN
2753,2053,juice,EN
2754,2053,"soft drink (any (sweet) non-alcoholic beverage, carbonated or uncarbonated)",EN
2755,2054,locket,EN
2756,2054,rocket,EN
2757,2055,quarrel; brawl; fight; squabble; scuffle; argument,EN
2758,2056,passport,EN
2759,2057,"translation; version (e.g. ""English version"")",EN
2760,2058,cheek (of face),EN
2761,2059,come; go; stay,EN
2762,2059,welcome!,EN
2763,2060,idiot; moron; fool,EN
2764,2060,trivial matter; folly; absurdity,EN
2765,2061,luxury; extravagance,EN
2766,2062,nimble-fingered; dexterous; dextrous; skillful (with the fingers); skilful; handy,EN
2767,2062,clever; shrewd; ingenious,EN
2768,2063,stomach,EN
2769,2064,bus stop; tram stop; stop; station,EN
2770,2065,pole,EN
2771,2065,climax; extreme; extremity; culmination; height; zenith; nadir,EN
2772,2066,receiving; reception; getting; being given,EN
2773,2066,eating; drinking; having,EN
2774,2067,chattering; talk; idle talk; chat; chitchat; gossip,EN
2775,2067,chatty; talkative; chatterbox; blabbermouth,EN
2776,2068,superiority; first-class; very good,EN
2777,2068,(that's) just fine!; bring it on!,EN
2778,2069,mischief; prank; trick; practical joke,EN
2779,2069,pastime; hobby,EN
2780,2070,demonstration; protest,EN
2781,2071,playing cards,EN
2782,2072,whisky; whiskey,EN
2783,2073,elephant (Elephantidae spp.),EN
2784,2074,how much?; how many?,EN
2785,2075,tedium; boredom,EN
2786,2076,yacht (usually only used for a sailing boat with one mast),EN
2787,2077,clever; intelligent; wise; bright; sharp; sensible; smart; shrewd,EN
2788,2077,"well-behaved (of kids, animals, etc); obedient; good",EN
2789,2078,feeling refreshed; feeling relieved,EN
2790,2078,neat; trimmed,EN
2791,2079,ice cream; icecream,EN
2792,2080,forehead; brow,EN
2793,2081,picnic,EN
2794,2082,man,EN
2795,2083,extra; excess; surplus,EN
2796,2084,tunnel,EN
2797,2085,density; thickness,EN
2798,2085,secrecy,EN
2799,2086,here and there; all around; everywhere; throughout; all over,EN
2800,2087,feather; plume; wing,EN
2801,2087,"blade (fan, propeller, etc.)",EN
2802,2088,violin,EN
2803,2089,mouse; rat,EN
2804,2089,"dark gray; dark grey; slate (color, colour)",EN
2805,2090,mutual; reciprocal; each other,EN
2806,2091,knock; knocking,EN
2807,2091,fungo hitting; hitting balls for fielding practice,EN
2808,2092,selfishness; egoism; self-indulgence; wilfulness; willfulness,EN
2809,2092,disobedience,EN
2810,2093,joint; knuckle,EN
2811,2093,tune; melody,EN
2812,2094,speech,EN
2813,2095,percent; percentage,EN
2814,2096,news; word; tidings; notice; notification; information,EN
2815,2096,omen,EN
2816,2097,humor; humour,EN
2817,2098,day after tomorrow,EN
2818,2099,gargling; rinsing one's mouth,EN
2819,2100,feel disappointed; dejected; lose heart; feel emotionally drained; feel let down,EN
2820,2101,string; cord,EN
2821,2101,"man who is financially dependent on a woman (such as a gigolo or, in the case of a prostitute, a pimp); pimp",EN
2822,2102,pair; couple; set,EN
2823,2102,antithesis,EN
2824,2103,handsome,EN
2825,2104,rubbish; trash; garbage; refuse,EN
2826,2105,flatness; level; smooth; calm; plain; sitting tailor fashion,EN
2827,2106,cotton,EN
2828,2107,ash; ashes,EN
2829,2108,typewriter,EN
2830,2109,"unfortunately; Sorry, but ...",EN
2831,2110,straight (ahead); direct; upright; erect,EN
2832,2110,straightforward; honest; frank,EN
2833,2111,injury (to animate object); hurt,EN
2834,2112,smile sweetly; smile; grin,EN
2835,2113,getting nervous; irritation,EN
2836,2114,crowd of people,EN
2837,2115,theory; doctrine,EN
2838,2115,opinion; view,EN
2839,2116,lately; recently; nowadays,EN
2840,2117,stinginess; miser; miserliness; selfishness,EN
2841,2118,fate; destiny (esp. as a mysterious force that binds two people together),EN
2842,2118,relationship (e.g. between two people); bond; link; connection,EN
2843,2119,jet aeroplane; jet airplane,EN
2844,2120,consequence; outcome; result; blame,EN
2845,2121,cough; coughing; tussis,EN
2846,2122,Buddha; merciful person; Buddhist image,EN
2847,2122,the dead; dead person; spirit of the dead,EN
2848,2123,cousin (male),EN
2849,2124,shade; shadow,EN
2850,2124,other side; back; background,EN
2851,2125,note; paper money,EN
2852,2126,only; merely; (a) little; small quantity,EN
2853,2127,enormous; vast,EN
2854,2127,malva nut,EN
2855,2128,dust,EN
2856,2128,one ten-billionth,EN
2857,2129,"basket (shopping, etc.); hamper; cage",EN
2858,2130,copper coin,EN
2859,2131,reasonable; natural; just,EN
2860,2132,proverb; maxim,EN
2861,2133,enquiry; inquiry; query; interrogation; ENQ,EN
2862,2134,prefectural office,EN
2863,2135,postage; carriage; shipping charge,EN
2864,2136,addition; supplement; append (e.g. to a file); appendix,EN
2865,2137,formality; formal; official,EN
2866,2137,formula,EN
2867,2138,designation; specification; assignment; appointment; pointing at,EN
2868,2139,fixed; settled; constant; definite; uniform; regularized; regularised; defined; standardized; standardised; certain; prescribed,EN
2869,2140,discount; reduction; rebate; (after a number) tenths discounted; tenths reduced,EN
2870,2141,author; authoress; writer; composer; artist,EN
2871,2142,extension; elongation; prolongation; lengthening,EN
2872,2142,Enchou era (923.4.11-931.4.26),EN
2873,2143,reply; answer,EN
2874,2144,beauty of figure or form,EN
2875,2145,sale; offering for sale; release (for sale); launch (product),EN
2876,2146,high class; high grade,EN
2877,2146,high rank; seniority,EN
2878,2147,materials; data; document,EN
2879,2148,"(cultural) exchange; interchange; interaction; (inter-) mingling; (social, etc.) networking; intercourse",EN
2880,2148,alternating current; AC,EN
2881,2149,entry (on stage); appearance (on screen),EN
2882,2149,entrance; introduction (into a market),EN
2883,2150,event; function,EN
2884,2151,collar,EN
2885,2151,color; colour,EN
2886,2152,model,EN
2887,2153,series,EN
2888,2154,"work (film, book)",EN
2889,2154,production; creation; turning (something) out; development,EN
2890,2155,standard; level; norm,EN
2891,2156,adjustment; regulation; coordination; reconciliation; tuning; fixing; tailoring,EN
2892,2157,friendship,EN
2893,2158,fiscal year (usu. April 1 to March 31 in Japan); financial year,EN
2894,2158,academic year; school year,EN
2895,2159,editing; compilation; editorial (e.g. committee),EN
2896,2160,recruiting; selection; taking applications,EN
2897,2160,raising; collection; subscription; soliciting (e.g. donations),EN
2898,2161,weight,EN
2899,2161,heavyweight boxer,EN
2900,2162,direction; district; area,EN
2901,2162,field (e.g. of study),EN
2902,2163,measure; provision; step; countermeasure; counterplan; countermove,EN
2903,2164,specific; particular; designated; special,EN
2904,2165,packing; wrapping,EN
2905,2166,back,EN
2906,2166,backing; going backwards; reversing,EN
2907,2167,circumference; outskirts; environs; around; in the area of; in the vicinity of,EN
2908,2167,(computer) peripheral,EN
2909,2168,prevention; check,EN
2910,2169,classification; categorization; sorting,EN
2911,2170,shop,EN
2912,2171,"drawing up (e.g. legal document, contract, will, etc.); preparing; writing; framing; making; producing; creating; creation",EN
2913,2172,notice; notification; report; posting,EN
2914,2173,"Kansai; region consisting of Osaka, Kobe, Kyoto and surrounding prefectures",EN
2915,2173,Kansai; south-western half of Japan (during the feudal era),EN
2916,2174,pink,EN
2917,2174,erotic (usually used in relation to the sex industry); blue; pornographic,EN
2918,2175,photography (still or motion); photographing; filming; shooting; (video) recording,EN
2919,2176,someone smartly dressed,EN
2920,2177,top and bottom; high and low; above and below; upper and lower ends; up and down,EN
2921,2177,going up and down; rising and falling; fluctuating,EN
2922,2178,head; lead; vanguard; first,EN
2923,2179,end; close; termination,EN
2924,2180,special; particular; peculiar; unique,EN
2925,2181,transparency; cleanness,EN
2926,2182,public; community; public service; society; communal,EN
2927,2183,characteristic; feature; idiosyncrasy; personal colour,EN
2928,2183,spot color (in printing),EN
2929,2184,development; evolution; progressing; unfolding,EN
2930,2184,expansion; spreading out; extending; deployment; building up,EN
2931,2185,criterion; standard; yardstick; reference; aim,EN
2932,2185,rough estimate; approximation,EN
2933,2186,cover (e.g. book); coverage,EN
2934,2187,front and rear; front and back; before and behind; back and forth,EN
2935,2187,before and after,EN
2936,2188,ability; performance; efficiency,EN
2937,2189,sizes (various); large and small,EN
2938,2189,daisho (matched pair of long and short swords),EN
2939,2190,coming into existence; arrangements; establishment; conclusion; completion,EN
2940,2191,parts; accessories; components,EN
2941,2192,utensil; apparatus; implement; device; gadget,EN
2942,2193,"construction work; construction; work (related to construction, e.g. painting, concrete-pouring, etc.)",EN
2943,2194,form (as opposed to substance); formality,EN
2944,2194,method; system; style,EN
2945,2195,neighbourhood; neighborhood; vicinity; environs,EN
2946,2195,approaching,EN
2947,2196,sentence in English; article in English; English text,EN
2948,2196,English literature (study of),EN
2949,2197,several; plural; plurality; multiple,EN
2950,2198,health preservation; hygiene; sanitation,EN
2951,2199,structure; construction,EN
2952,2200,koto (13-stringed Japanese zither),EN
2953,2200,stringed instrument,EN
2954,2201,objective; plan; policy,EN
2955,2202,aid; assistance; help; reinforcement; rooting; barracking; support; cheering,EN
2956,2203,strengthen; intensify; reinforce; solidify; enhancement,EN
2957,2204,date and time,EN
2958,2205,manufacture; production,EN
2959,2206,shop; small store; business; firm,EN
2960,2207,base,EN
2961,2208,standard; basis; criterion; norm; reference; datum,EN
2962,2209,use; usefulness; utility; service; purpose,EN
2963,2210,slanting; tilted; sloping; diagonal; oblique,EN
2964,2210,unusual; slanted (view of the world); bad (mood),EN
2965,2211,explanation; commentary; exposition; elucidation,EN
2966,2212,scientific society; academic meeting; academic conference,EN
2967,2213,the outside,EN
2968,2214,suspension; interruption; stoppage; ban; standstill; halt; hang-up; deadlock; stalemate; abeyance,EN
2969,2214,"suspension of music, dance, etc. as a sign of mourning for a prominent person",EN
2970,2215,appointed day; very day,EN
2971,2216,attached; belonging (to); included; enclosed; affiliated; annexed; associated; subordinate; incidental; dependent; auxiliary,EN
2972,2217,important point; lay stress on; colon; emphasis,EN
2973,2218,rotation (usu. around something); revolution; turning,EN
2974,2219,activity (esp. energetic); great efforts; conspicuous service,EN
2975,2220,altitude; height; elevation,EN
2976,2220,advanced; sophisticated; high-grade; strong,EN
2977,2221,originally; primarily,EN
2978,2221,essentially; naturally; by nature; in (and of) itself,EN
2979,2222,step; rung; level; rank,EN
2980,2223,impressions; thoughts,EN
2981,2224,whole (body); full-length (e.g. portrait),EN
2982,2224,systemic,EN
2983,2225,elementary school student; primary school student; grade school student,EN
2984,2226,limits; boundary; domain; zone; sphere; territory,EN
2985,2226,area (e.g. in programming languages),EN
2986,2227,term; period; time frame,EN
2987,2227,time limit; deadline; cutoff (date),EN
2988,2228,foundation; basis,EN
2989,2229,application; request; petition,EN
2990,2230,ingredient; component; composition,EN
2991,2231,(data) item; entry,EN
2992,2232,weekday; ordinary days (i.e. non-holiday),EN
2993,2232,kanji radical 73,EN
2994,2233,father and mother; parents,EN
2995,2234,procedure; (legal) process; formalities,EN
2996,2235,man and wife; married couple,EN
2997,2236,underpants; pants; briefs; panties; shorts; knickers,EN
2998,2236,trousers (esp. women's); jodhpurs; breeches; pants; trunks (e.g. swimming),EN
2999,2237,spa; hot spring; onsen,EN
3000,2238,open; throw open; liberalization; liberalisation,EN
3001,2239,toll; fee; charge; admission-paid,EN
3002,2240,late at night,EN
3003,2241,grade; level; stage; class; phase; steps; order; gradation,EN
3004,2242,book; publication,EN
3005,2243,outdoors; alfresco,EN
3006,2244,division; section; demarcation; partition; segmentation; subdivision; (traffic) lane; compartment; classification; sorting,EN
3007,2245,mutual; reciprocal,EN
3008,2246,on and after; as from; hereafter; thereafter; since,EN
3009,2247,commerce; trade; business,EN
3010,2248,east and west,EN
3011,2248,Orient and Occident; East and West,EN
3012,2249,tableware,EN
3013,2250,combination; union; incorporation; amalgamation; fusion,EN
3014,2250,congruence,EN
3015,2251,machine; mechanism,EN
3016,2251,instrument; appliance; apparatus,EN
3017,2252,electric power,EN
3018,2253,national,EN
3019,2254,achievements; actual results; accomplishments; past results; track record,EN
3020,2255,maintenance; servicing,EN
3021,2255,putting in place; establishment; development; preparation; provision; outfitting,EN
3022,2256,angle,EN
3023,2257,term; terminology,EN
3024,2257,wording; choice of words; phraseology,EN
3025,2258,electromagnetic wave; radio wave; reception; signal,EN
3026,2258,saying strange things,EN
3027,2259,remodeling; remodelling; restructuring; reconstruction; reshuffling (e.g. cabinet),EN
3028,2259,modding,EN
3029,2260,order; system; structure; set-up; organization; organisation,EN
3030,2261,ocean,EN
3031,2262,battery; cell,EN
3032,2263,gathering; assembly; meeting,EN
3033,2263,set,EN
3034,2264,forest; woods,EN
3035,2265,middle; midway; interim,EN
3036,2266,front; frontage; facade; main,EN
3037,2267,public entertainment; performing arts,EN
3038,2267,accomplishments; attainments,EN
3039,2268,training (esp. in-service); induction course,EN
3040,2269,screw,EN
3041,2269,"key (of a clock, watch, etc.); spring (of a clock, watch, etc.)",EN
3042,2270,principle; theory; fundamental truth,EN
3043,2271,site; point on a map; spot,EN
3044,2272,diagnosis; medical examination,EN
3045,2273,commuting to work,EN
3046,2274,short-term,EN
3047,2275,contents; interior; substance; filling; (sword) blade,EN
3048,2276,system,EN
3049,2276,lineage; ancestry; family line,EN
3050,2277,rational,EN
3051,2278,complete works,EN
3052,2279,attitude; posture; stance; approach; carriage (of the body),EN
3053,2280,each,EN
3054,2280,you (plural),EN
3055,2281,schedule; program; programme; agenda,EN
3056,2282,process; course; mechanism,EN
3057,2283,amount sold; sales; proceeds; takings; turnover,EN
3058,2284,north and south; north to south,EN
3059,2284,South Korea and North Korea,EN
3060,2285,notebook; memo pad; (pocket) diary,EN
3061,2285,certificate,EN
3062,2286,unity; consolidation; uniformity; unification; compatible,EN
3063,2287,bookshop; bookstore,EN
3064,2288,blood,EN
3065,2289,number of times; frequency; count,EN
3066,2290,headquarters; head office; main office,EN
3067,2291,continuation,EN
3068,2292,release; unleashing; liberation; emancipation; setting free,EN
3069,2292,deallocation (of computer memory),EN
3070,2293,union; alliance; combination,EN
3071,2293,RENGO (Japanese Trade Union Confederation),EN
3072,2294,system; organization; organisation; architecture,EN
3073,2295,amateur; layman; ordinary person; novice,EN
3074,2295,"respectable woman (not a prostitute, hostess, geisha, etc.)",EN
3075,2296,worker; mechanic; artisan; craftsman,EN
3076,2297,statistics,EN
3077,2298,taking an examination (esp. school and university entrance),EN
3078,2299,mixing; mixture; meld,EN
3079,2299,miscegenation,EN
3080,2300,chance; start; cue; excuse; motive; impetus; occasion,EN
3081,2301,less than; insufficient,EN
3082,2302,distinction by sex; sex; gender,EN
3083,2303,action; movements; motions; bearing; behaviour; behavior; execution; actuation; operation; manners,EN
3084,2304,double,EN
3085,2304,double bed; hotel room with a double bed,EN
3086,2305,existence; being; survival,EN
3087,2306,musical instrument,EN
3088,2307,storehouse; warehouse; godown,EN
3089,2308,raw materials,EN
3090,2309,arrow (mark or symbol); directional marker or indicator,EN
3091,2310,high class; high grade,EN
3092,2311,focus (e.g. photographic); focal point,EN
3093,2312,square measure; size (e.g. of land); area; surface,EN
3094,2313,diffusion; spread; popularization; promulgation; familiarization,EN
3095,2314,official tour; business trip,EN
3096,2315,private; civilian; civil; popular; folk; unofficial,EN
3097,2316,positive; affirmation,EN
3098,2317,generation (e.g. power),EN
3099,2317,sending a telegram; telegraphing,EN
3100,2318,scheme; device; scheming; devising; figuring out; coming up with; solving ingeniously,EN
3101,2318,dedication to spiritual improvement (esp. through Zen meditation),EN
3102,2319,just before,EN
3103,2320,"moving (dwelling, office, etc.); changing residence",EN
3104,2321,plaza; (public) square; piazza; forum; open space,EN
3105,2322,transport; transportation,EN
3106,2323,list price; regular price; established price,EN
3107,2324,private (establishment),EN
3108,2325,(real) ability; true strength; merit; efficiency; competency,EN
3109,2325,arms; force,EN
3110,2326,lecturer,EN
3111,2327,measurement,EN
3112,2328,acceleration; speeding up,EN
3113,2329,getting closer; drawing nearer; approaching,EN
3114,2329,"being not much different; being near (age, skill, etc.)",EN
3115,2330,signboard; sign; billboard; hoarding; doorplate,EN
3116,2330,draw; attraction; feature; highlight; spokesman; figurehead,EN
3117,2331,standard; basis; criterion; norm; reference; datum,EN
3118,2332,revision; amendment; alteration,EN
3119,2333,menu,EN
3120,2333,schedule; program; programme,EN
3121,2334,old book; classics; classic,EN
3122,2335,first-class; top grade; foremost; top-notch; leading,EN
3123,2335,characteristic; peculiar; unique,EN
3124,2336,existence or nonexistence; presence or absence,EN
3125,2336,consent or refusal; yes or no,EN
3126,2337,immediately following,EN
3127,2338,container; vessel,EN
3128,2339,vitality; energy; dynamism,EN
3129,2340,criticism; critique,EN
3130,2341,fall; decline; lowering; deterioration; degradation,EN
3131,2342,"reflection (light, image, situation, attitude, etc.); reflecting",EN
3132,2342,influence; application (e.g. of an update),EN
3133,2343,department of a university,EN
3134,2343,"undergraduate (course, program, etc.)",EN
3135,2344,after this; from now on; hereafter,EN
3136,2344,thereafter; since (verb) (after -te form of verb); after (time); since (then),EN
3137,2345,ticket window; teller window; counter,EN
3138,2345,contact person; point of contact,EN
3139,2346,sky; air,EN
3140,2347,natural; reasonable; obvious,EN
3141,2347,usual; common; ordinary; commonplace; the norm,EN
3142,2348,prevention of crime,EN
3143,2349,national holiday; public holiday,EN
3144,2350,answer; solution,EN
3145,2351,self-government; autonomy,EN
3146,2351,local (governmental) autonomy,EN
3147,2352,eldest son (may be the only son); first-born son,EN
3148,2353,victory or defeat; match; contest; game; bout,EN
3149,2354,practical use; utility,EN
3150,2355,meeting; assembly; gathering; congregation; convention; rally,EN
3151,2356,etc.; otherwise; besides; in addition; the rest; the others; and so forth,EN
3152,2357,Orient,EN
3153,2358,successively; one after another,EN
3154,2359,youth; young person,EN
3155,2360,bamboo,EN
3156,2360,middle (of a three-tier ranking system),EN
3157,2361,industrial arts; craft,EN
3158,2362,study subject; course of study,EN
3159,2362,"department (university, etc.)",EN
3160,2363,decoration,EN
3161,2364,meaning; significance,EN
3162,2365,joining a company; getting a job with a company; entering a company,EN
3163,2366,connection; attachment; union; join; joint; link,EN
3164,2366,changing trains,EN
3165,2367,surgery,EN
3166,2367,"department of surgery (hospital, etc.)",EN
3167,2368,production; literary creation; work,EN
3168,2369,(the) whole; universal; wholly; general; as a whole,EN
3169,2370,childcare; nursing; upbringing,EN
3170,2371,closed (e.g. store); business suspended; shutdown; holiday,EN
3171,2372,inspection; study by observation; field trip,EN
3172,2373,Emperor of Japan,EN
3173,2374,middle-age; middle age; midlife; one's middle years,EN
3174,2375,at night; nighttime,EN
3175,2376,fixed number of regular personnel; staff quota; complement,EN
3176,2376,"capacity (of boat, hall, aeroplane, airplane, etc.)",EN
3177,2377,idea; conception; way of thinking,EN
3178,2377,expression,EN
3179,2378,graduate school,EN
3180,2379,breakup; dissolution,EN
3181,2380,children; child; juvenile,EN
3182,2381,"trade; buying and selling; trafficking (e.g. of humans, arms, drugs); dealing",EN
3183,2382,regulation; adjustment; control,EN
3184,2383,meeting hall; assembly hall,EN
3185,2384,"alighting (from train, bus, etc.); getting off",EN
3186,2385,friend; acquaintance,EN
3187,2386,moving; relocation; transfer; demise,EN
3188,2387,gymnastics; physical exercises; calisthenics,EN
3189,2388,full name; identity,EN
3190,2389,perfume,EN
3191,2390,Shinkansen; bullet train,EN
3192,2391,digestion,EN
3193,2391,thorough understanding,EN
3194,2392,volcano,EN
3195,2393,collection,EN
3196,2393,correction,EN
3197,2394,lumber; timber; wood,EN
3198,2395,elimination; cancellation; deletion; erasure; DEL (key),EN
3199,2396,pointed end; tip; fine point; spearhead; cusp; vanguard; advanced; leading edge; apex (of a curve),EN
3200,2397,literature; books (reference); document,EN
3201,2398,four seasons,EN
3202,2399,horse racing,EN
3203,2400,surname; family name,EN
3204,2401,official announcement; proclamation,EN
3205,2402,arrival in Japan; coming to Japan; visit to Japan,EN
3206,2403,diameter,EN
3207,2404,political party,EN
3208,2405,repairs; maintenance; tending; trimming; grooming,EN
3209,2405,crackdown; (police) raid,EN
3210,2406,exception,EN
3211,2407,temporary; special; extraordinary,EN
3212,2408,reflection; reconsideration; introspection; meditation; contemplation,EN
3213,2408,regret; repentance; remorse; being sorry,EN
3214,2409,real feeling; actual feeling,EN
3215,2410,masterpiece,EN
3216,2411,triangle; triangular,EN
3217,2412,pay; salary; wages; allowance; grant; supply,EN
3218,2413,interview (e.g. for a job),EN
3219,2414,justice; fairness; impartiality,EN
3220,2415,water; liquid; fluid; moisture; humidity; sap; juice,EN
3221,2416,confrontation; opposition; antagonism,EN
3222,2417,contents; interior; substance; filling; (sword) blade,EN
3223,2418,discussion; conference,EN
3224,2419,boundary,EN
3225,2420,king,EN
3226,2421,producing area,EN
3227,2422,acquaintance,EN
3228,2423,life span,EN
3229,2424,preparation; preliminaries; reserve; spare,EN
3230,2425,"alternation; change; relief; relay; shift; substitution (sports, etc.); taking turns",EN
3231,2426,dryness; aridity; insipidity; dehydration; desiccation,EN
3232,2427,carpenter,EN
3233,2428,leading part; leading actor; leading actress,EN
3234,2429,aim,EN
3235,2430,city centre (center) (esp. capital city); urban centre; heart of city a metropolis,EN
3236,2431,fireworks,EN
3237,2432,infant; baby; child,EN
3238,2432,child over 1 but not yet of school age,EN
3239,2433,nationality; citizenship,EN
3240,2433,"nationality (ship, airplane, etc.); registration; flag",EN
3241,2434,temple,EN
3242,2435,course; curriculum,EN
3243,2436,peninsula,EN
3244,2437,money order; draft,EN
3245,2437,exchange (e.g. foreign),EN
3246,2438,eldest daughter; first-born daughter,EN
3247,2439,defense; defence; guard; policing; security,EN
3248,2440,skin,EN
3249,2441,observation; survey; measurement,EN
3250,2442,inauguration; assumption of office,EN
3251,2443,drama; theatre; theater; play,EN
3252,2444,publicity; advertisement; advertising; propaganda,EN
3253,2445,meeting; rendezvous; encounter,EN
3254,2445,confluence,EN
3255,2446,downward; descent; fall; drop; subsidence,EN
3256,2447,nature; property; disposition,EN
3257,2448,limit; bounds,EN
3258,2449,opening of a meeting,EN
3259,2450,distribution; dissemination; allocation,EN
3260,2451,excess; being more than,EN
3261,2452,kindergarten,EN
3262,2453,the number of days; date,EN
3263,2454,science; learning; scholarship; arts and sciences; academic pursuits,EN
3264,2455,"agricultural chemical (i.e. pesticide, herbicide, fungicide, etc.); agrochemical; agrichemical",EN
3265,2456,simultaneous; all at once,EN
3266,2457,first; foremost; number one,EN
3267,2458,presumption; assumption,EN
3268,2458,estimation,EN
3269,2459,trading company; firm,EN
3270,2460,middle of a month; second third of a month; 11th to 20th day of a month,EN
3271,2461,making a round trip; going and returning; coming and going,EN
3272,2461,round-trip ticket; return ticket,EN
3273,2462,heading; headline; title; caption,EN
3274,2462,index,EN
3275,2463,myth; legend,EN
3276,2464,measurement; size; extent; dimension,EN
3277,2464,plan; intention; arrangement; schedule,EN
3278,2465,last third of a month; 21st to the last day of a month,EN
3279,2466,another place; somewhere else; strange parts,EN
3280,2466,outside (one's family or group); those people,EN
3281,2467,before; this side,EN
3282,2467,one's standpoint; one's appearance,EN
3283,2468,business card,EN
3284,2469,real thing; original; actual,EN
3285,2470,marks; points; score; runs; number of items; credits,EN
3286,2471,social position; social status,EN
3287,2472,obedient; meek; docile; unaffected,EN
3288,2472,honest; frank; upfront (about one's feelings),EN
3289,2473,ascent; climbing; ascending (path); climb,EN
3290,2473,up-train (e.g. going to Tokyo),EN
3291,2474,currency,EN
3292,2475,purple; violet,EN
3293,2475,Lithospermum erythrorhizon (species of gromwell),EN
3294,2476,precise; accurate; appropriate; exactly the right,EN
3295,2477,site; plot; lot; grounds,EN
3296,2478,hydrogen (H),EN
3297,2479,area; zone; belt (of land),EN
3298,2480,year before last,EN
3299,2481,mind and body,EN
3300,2482,writing (e.g. as a profession),EN
3301,2483,literature; art and literature; belles-lettres,EN
3302,2484,plain; open field,EN
3303,2485,"internal medicine, i.e. treatment by medical procedures rather than surgical procedures",EN
3304,2485,"department of internal medicine (hospital, etc.)",EN
3305,2486,plain; simple; subdued; sober,EN
3306,2487,deadline; closing; cut-off; end,EN
3307,2487,cofferdam,EN
3308,2488,calligraphy,EN
3309,2489,infinity; infinitude; eternity,EN
3310,2490,academic year; school year,EN
3311,2490,year in school; grade in school,EN
3312,2491,application; put to practical use,EN
3313,2491,applied,EN
3314,2492,concentration; thickness; density,EN
3315,2492,cardinality,EN
3316,2493,front cover; binding; (book) cover,EN
3317,2493,appearing on the cover of a magazine,EN
3318,2494,multi-unit apartments; apartment complex,EN
3319,2495,government office; public office,EN
3320,2496,aquatic products; fisheries,EN
3321,2497,foundation; basis; base; footing; infrastructure,EN
3322,2497,bedrock,EN
3323,2498,carving; engraving; sculpture,EN
3324,2499,indication; sign; hint; presence; trend,EN
3325,2499,quotation (esp. stock market),EN
3326,2500,disassembly; dismantling; disaggregating; analysis; disintegrating; decomposing; degrading,EN
3327,2500,factorization,EN
3328,2501,contradiction; inconsistency,EN
3329,2502,advanced level; high grade; senior,EN
3330,2503,daily necessities,EN
3331,2504,prize; monetary award,EN
3332,2505,showy; loud; gay; flashy; gaudy; ostentatious,EN
3333,2506,God,EN
3334,2507,pollution; public nuisance; contamination,EN
3335,2508,agricultural community; farm village,EN
3336,2509,modern,EN
3337,2510,South Pole,EN
3338,2510,the Antarctic; Antarctica,EN
3339,2511,dead body; corpse; cadaver,EN
3340,2512,cleaning; clean-up; garbage collection; scavenging,EN
3341,2513,friction; rubbing; rubdown; chafe,EN
3342,2514,printing type; movable type,EN
3343,2514,printed text; print,EN
3344,2515,science,EN
3345,2516,cultivation; refinement; culture; education,EN
3346,2517,taxation,EN
3347,2518,reduction; curtailment,EN
3348,2519,horticulture; gardening,EN
3349,2520,plain; unfigured,EN
3350,2521,(going) side-by-side; abreast,EN
3351,2521,concurrent; occurring together; at the same time,EN
3352,2522,atmospheric pressure,EN
3353,2523,teacup,EN
3354,2524,overbearing; coercive; pushy; forcible; high-handed,EN
3355,2525,majority,EN
3356,2526,"interview (i.e. television, newspaper, etc.)",EN
3357,2527,actor; actress,EN
3358,2528,liquid; fluid,EN
3359,2529,confident; assured; self-assured; firm; strong; cocksure,EN
3360,2529,bullish (e.g. market),EN
3361,2530,probability; likelihood; chances,EN
3362,2531,end of the month,EN
3363,2532,extent,EN
3364,2533,complaint; troubles; objection; grievance,EN
3365,2534,difference; discrepancy; variation,EN
3366,2535,self-defense; self-defence,EN
3367,2536,in the middle; half-way,EN
3368,2537,place of origin; habitat,EN
3369,2538,famous place,EN
3370,2538,"name of a part (of an instrument, etc.)",EN
3371,2539,famous product; special product; speciality; specialty,EN
3372,2540,cap (esp. a traditional cap worn with sokutai or ikan clothing); crown; diadem; coronet,EN
3373,2540,top kanji radical,EN
3374,2541,grey; gray; ashen,EN
3375,2542,shipbuilding,EN
3376,2543,expansion; extension; enlargement; escape; ESC,EN
3377,2544,South America,EN
3378,2545,water well,EN
3379,2546,again and again; repeatedly,EN
3380,2547,man-made; synthetic; artificial,EN
3381,2548,sumo wrestling,EN
3382,2548,wrestler; rikishi,EN
3383,2549,medicine; chemicals,EN
3384,2550,cargo; freight,EN
3385,2550,money or assets,EN
3386,2551,indirection; indirectness,EN
3387,2552,chairmanship; leading a meeting; presenter; host; moderator,EN
3388,2553,(audio) recording,EN
3389,2554,shogi; Japanese chess; xianqi,EN
3390,2555,firing; shooting; discharge; catapult,EN
3391,2555,ejaculation,EN
3392,2556,deep emotion; impression; inspiration,EN
3393,2557,perfect score; full marks,EN
3394,2557,extremely; very; quite,EN
3395,2558,joy; delight; rapture; pleasure; gratification; rejoicing; congratulations; felicitations,EN
3396,2559,separately; individually,EN
3397,2560,origin; primeval,EN
3398,2561,column of text (e.g. in a newspaper),EN
3399,2561,"field (in a form, web page, etc.)",EN
3400,2562,speed (per hour),EN
3401,2563,dialect,EN
3402,2564,freezing; cold storage; refrigeration,EN
3403,2565,straight line,EN
3404,2566,line; queue; procession; parade,EN
3405,2566,matrix,EN
3406,2567,sales; demand,EN
3407,2568,(enrolled) in school,EN
3408,2569,fishing (industry),EN
3409,2570,blood pressure,EN
3410,2571,manuscript; copy,EN
3411,2572,enlargement; increase,EN
3412,2573,archipelago; chain of islands,EN
3413,2574,vacuum; hollow; empty,EN
3414,2575,Middle Ages (in Japan esp. the Kamakura and Muromachi periods ); medieval times; mediaeval times,EN
3415,2576,agricultural produce,EN
3416,2577,full house; no vacancy; sold out; standing room only; full (of people); crowded,EN
3417,2578,individual; each,EN
3418,2579,gravity; gravitation; gravitational pull,EN
3419,2580,error; blunder; accident,EN
3420,2580,fault; defect,EN
3421,2581,grain; bead; drop,EN
3422,2582,the number of flat things,EN
3423,2582,win-loss difference which influences the ranking of wrestlers,EN
3424,2583,advantages and disadvantages; interest,EN
3425,2584,"low-lying part of a city (usu. containing shops, factories, etc.)",EN
3426,2584,"Shitamachi (low-lying area of eastern Tokyo near Tokyo Bay, incl. Asakusa, Shitaya, Kanda, Fukugawa, Honjo, Nihonbashi, Kyobashi and surrounds)",EN
3427,2585,"junior (at work, school, etc.); younger people; younger student",EN
3428,2586,scholarly ability; scholarship; knowledge; literary ability,EN
3429,2587,acidity,EN
3430,2588,assistant professor; associate professor,EN
3431,2589,interpretation (i.e. oral translation); interpreter,EN
3432,2590,"haiku; 17-mora poem, usu. in 3 lines of 5, 7 and 5 morae",EN
3433,2591,symbol; code; sign; notation,EN
3434,2592,railway track; railway line; railroad; railway; track; line,EN
3435,2593,official business; public business,EN
3436,2594,fruit; nut; berry,EN
3437,2595,light bulb,EN
3438,2596,passage; pathway; roadway; avenue; aisle,EN
3439,2597,warrior; samurai,EN
3440,2598,editorial; leading article,EN
3441,2599,government office; government agency; authorities,EN
3442,2600,space; room; emptiness; gap,EN
3443,2600,opening; vacancy; empty seat,EN
3444,2601,ceremony; rite; ritual; service,EN
3445,2602,electric current,EN
3446,2603,print; copy,EN
3447,2603,handout; flyer,EN
3448,2604,the public; general public,EN
3449,2605,compression; condensation; constriction; compaction,EN
3450,2606,evening paper,EN
3451,2607,detergent; washing material,EN
3452,2608,in and out; coming and going; free association; income and expenditure; debits and credit,EN
3453,2609,party; banquet,EN
3454,2610,appreciation (e.g. of art); aesthetic sense,EN
3455,2611,rest; relief; relaxation,EN
3456,2612,easy; simple,EN
3457,2612,easy-going,EN
3458,2613,too many; too much; excessive; superfluous; superabundant; extra; spare; surplus,EN
3459,2613,unnecessary; needless; uncalled-for; otiose,EN
3460,2614,(river) basin,EN
3461,2615,government official,EN
3462,2616,house; building,EN
3463,2617,"ground; crust (earth); bed (gravel, river, etc.)",EN
3464,2617,"foundation (building, etc.); base",EN
3465,2618,duty; business; role,EN
3466,2619,first 10 days of month,EN
3467,2620,circulation; rotation; cycle,EN
3468,2621,judge; judiciary,EN
3469,2622,Wednesday,EN
3470,2623,place name,EN
3471,2624,attendance (at work); being at work; presence (in the office); going to work; reporting for work,EN
3472,2625,footprints,EN
3473,2625,record of page visitors (e.g. in social networking sites),EN
3474,2626,grace; favor; favour; blessing; benefit,EN
3475,2627,invasion; incursion; raid; aggression; intrusion; trespass; penetration,EN
3476,2628,pocket money; spending money; pin money; allowance,EN
3477,2629,aerial; overhead,EN
3478,2629,fiction; fictitious; imaginary; fanciful,EN
3479,2630,practice; practising; training (esp. practical and hands-on); drill,EN
3480,2631,top; summit,EN
3481,2631,vertex,EN
3482,2632,lending; loaning,EN
3483,2633,index; indices; indexes,EN
3484,2634,weak point; weakness; shortcoming; defect; flaw; sore spot; tender spot,EN
3485,2635,"taking a train, bus, etc.; entraining",EN
3486,2636,swelling; expansion,EN
3487,2637,fairy-tale,EN
3488,2638,mountain forest; forest on a mountain; montane forest,EN
3489,2638,mountains and forest,EN
3490,2639,reception,EN
3491,2640,strict; rigour; rigor; severe; firm; strong; secure,EN
3492,2641,length,EN
3493,2641,long and short; advantages and disadvantages; pluses and minuses; strong and weak points; merits and demerits,EN
3494,2642,school building,EN
3495,2643,phone extension; indoor wiring; inner line,EN
3496,2644,time; years; days,EN
3497,2645,"garage; carport; depot (trains, buses, etc.)",EN
3498,2646,expansion,EN
3499,2647,point; essentials; gist; summary; fundamentals,EN
3500,2648,precise; accurate; appropriate; exactly the right,EN
3501,2649,writer (often in self-reference); author,EN
3502,2650,"course (route, trail, course of study, course of action, plan, option)",EN
3503,2650,full course meal (multiple dishes served in sequence); prix fixe meal,EN
3504,2651,surname; family name,EN
3505,2651,hereditary title (used in ancient Japan to denote rank and political standing),EN
3506,2652,title,EN
3507,2653,exhibition; demonstration; show; display; manifestation,EN
3508,2654,opening; open; taking effect; becoming active,EN
3509,2655,eruption,EN
3510,2656,private railway,EN
3511,2657,opportunity; occasion,EN
3512,2658,stationery,EN
3513,2659,countless number; infinite number; innumerable,EN
3514,2660,point; gist; essentials; tenets; outline,EN
3515,2660,knack; trick; the ropes,EN
3516,2661,subordinate; subordinates; inferior; inferiors; junior,EN
3517,2662,dress,EN
3518,2663,kitchen knife; carving knife,EN
3519,2663,cooking; food,EN
3520,2664,excess; over-,EN
3521,2665,customs; customs house,EN
3522,2666,"guest seating (e.g. theater, stadium); passenger seat (e.g. taxi)",EN
3523,2666,audience,EN
3524,2667,moat; fosse,EN
3525,2667,canal; ditch,EN
3526,2668,both sides,EN
3527,2669,"approval; adoption (e.g. motion, bill); passage",EN
3528,2670,monthly salary,EN
3529,2671,(school) class,EN
3530,2672,draw (in competition); tie game,EN
3531,2673,juice; sap,EN
3532,2673,soup; broth,EN
3533,2674,pure white,EN
3534,2674,"blank (e.g. mind, paper)",EN
3535,2675,yukata (light cotton kimono worn in the summer or used as a bathrobe),EN
3536,2676,prime minister (as the head of a cabinet government); premier,EN
3537,2677,wife (esp. one's own wife),EN
3538,2677,court lady; female court attache; woman who served at the imperial palace,EN
3539,2678,storage room; storeroom; lumber room,EN
3540,2679,the head; the foremost; beginning; the very front,EN
3541,2680,fur; skin; pelt,EN
3542,2680,"kanji ""fur"" radical",EN
3543,2681,copper (Cu),EN
3544,2681,bronze (medal),EN
3545,2682,mailing,EN
3546,2683,space; interval; SPC,EN
3547,2684,pharmacy; chemist (shop); drugstore,EN
3548,2685,relation; kin,EN
3549,2686,"farm (livestock); ranch (US); station (Aus, NZ)",EN
3550,2686,pasture land; meadow; grazing land,EN
3551,2687,theft; robbery,EN
3552,2688,"short (e.g. story, film)",EN
3553,2689,total darkness; pitch dark,EN
3554,2689,bleak future; poor prospects,EN
3555,2690,steam; vapour; vapor,EN
3556,2690,steamship; steamboat; steamer,EN
3557,2691,greenhouse; hothouse; conservatory; glasshouse,EN
3558,2692,underground water,EN
3559,2693,power outage; electricity outage; blackout; failure of electricity supply,EN
3560,2694,forte; merit,EN
3561,2695,"balloon (esp. small, toy variety)",EN
3562,2696,large tree,EN
3563,2697,drainage; ditch; gutter; sewerage,EN
3564,2697,sewage; black water,EN
3565,2698,lumber; timber,EN
3566,2699,autumn colours; fall colors; leaves changing color (colour),EN
3567,2699,leaves turning red; red leaves,EN
3568,2700,descendants; posterity; offspring,EN
3569,2701,letter to the editor; letter from a reader; contribution,EN
3570,2702,Japanese clothes,EN
3571,2703,excuse; pretext,EN
3572,2704,holiday house; villa,EN
3573,2705,victory or defeat; issue (of battle); outcome,EN
3574,2706,ancestor,EN
3575,2707,(human) life,EN
3576,2708,bringing; taking; carrying,EN
3577,2709,example; illustration; precedent,EN
3578,2710,rectangle; oblong,EN
3579,2711,ordinary; common; usual,EN
3580,2711,free of charge,EN
3581,2712,telescope,EN
3582,2713,law; rule,EN
3583,2714,achievements; merit; meritorious service; meritorious deed,EN
3584,2715,roof tile,EN
3585,2716,"flavoring (e.g. salt, sugar, soy sauce, vinegar, etc.); seasoning",EN
3586,2717,heating; application of heat,EN
3587,2718,seriously ill; serious condition; critical state,EN
3588,2719,tray,EN
3589,2719,family; household,EN
3590,2720,strong point; merit; virtue; advantage,EN
3591,2721,popular use; circulation,EN
3592,2722,measurement; surveying,EN
3593,2723,day trip,EN
3594,2724,(taking) notes; copying,EN
3595,2725,receiving; dealing with,EN
3596,2726,band,EN
3597,2727,beam; light ray,EN
3598,2728,individual; specimen,EN
3599,2729,wrist,EN
3600,2730,group; crowd; flock; herd; bevy; school; swarm; cluster (e.g. of stars); clump; pack (e.g. of dogs),EN
3601,2731,level of humidity,EN
3602,2732,suspension; interruption; stoppage; tie-up; cessation,EN
3603,2733,oil; engine oil; kerosene,EN
3604,2734,receiving; receipt,EN
3605,2735,roadside tree; row of trees,EN
3606,2736,order; observance; discipline,EN
3607,2736,rules; law; regulations,EN
3608,2737,street corner,EN
3609,2738,"transfer (trains, buses, etc.); connection; connexion",EN
3610,2738,switching (stock),EN
3611,2739,moderate; handy; convenient; reasonable,EN
3612,2740,"closure (of a ceremony, event, meeting, etc.)",EN
3613,2741,drum,EN
3614,2742,bride,EN
3615,2743,direct communication,EN
3616,2744,dwelling; house; residence; address,EN
3617,2745,theme; topic; subject matter; motif; project; slogan,EN
3618,2746,thumb,EN
3619,2747,disinfection; sterilization; sterilisation,EN
3620,2748,Kanto; region consisting of Tokyo and surrounding prefectures,EN
3621,2748,Kanto; north-eastern half of Japan (during the feudal era),EN
3622,2749,unexpectedly,EN
3623,2750,lava,EN
3624,2751,Japanese cedar (Cryptomeria japonica),EN
3625,2752,event; festivities; function; social gathering; auspices; opening; holding (a meeting),EN
3626,2753,(car) wheel,EN
3627,2754,railway crossing; railroad crossing; train crossing; level crossing,EN
3628,2754,starting line; scratch,EN
3629,2755,soldier; sailor,EN
3630,2756,sign; mark; flag,EN
3631,2757,prize; trophy,EN
3632,2758,shop; stand,EN
3633,2759,lens,EN
3634,2760,sunrise,EN
3635,2761,biography; life story,EN
3636,2762,start,EN
3637,2763,growth; increment,EN
3638,2764,rest; break; recreation,EN
3639,2765,ventilation,EN
3640,2766,fresh water (i.e. not salt water),EN
3641,2767,exit and entrance,EN
3642,2768,fragment; splinter; broken piece,EN
3643,2769,effect; efficacy; validity; potency,EN
3644,2770,registered mail,EN
3645,2770,registration (e.g. of mail); writing down; putting on record; recording; making a note of,EN
3646,2771,amusement park,EN
3647,2772,funeral,EN
3648,2773,handle,EN
3649,2773,steering wheel,EN
3650,2774,literary style,EN
3651,2775,transportation facilities,EN
3652,2776,first 10 days of the month,EN
3653,2777,police officer; policeman; constable,EN
3654,2778,pleasure; amusement,EN
3655,2779,tax exemption; duty exemption,EN
3656,2780,abstract,EN
3657,2781,lips,EN
3658,2782,sample; specimen; pattern,EN
3659,2782,model; example,EN
3660,2783,curve,EN
3661,2784,marking; grading; scoring,EN
3662,2785,care-taking; house-sitting; house-watching; staying at home,EN
3663,2785,caretaker; house-sitter,EN
3664,2786,character; qualities; genius; the makings of,EN
3665,2787,masterpiece; best work,EN
3666,2787,amusing blunder; funny mistake; boner,EN
3667,2788,head; brains,EN
3668,2788,intellect; understanding,EN
3669,2789,contrast; antithesis; comparison,EN
3670,2790,storage; preservation,EN
3671,2791,ancestor,EN
3672,2792,vertical,EN
3673,2792,perpendicular,EN
3674,2793,stopping (e.g. train),EN
3675,2794,geological features,EN
3676,2795,cynicism; sarcasm; irony; satire,EN
3677,2796,hostel; dormitory,EN
3678,2796,bureau (government department beneath a ministry under the ritsuryo system),EN
3679,2797,examination of tickets,EN
3680,2797,ticket gate; ticket barrier,EN
3681,2798,paper money; note; bill,EN
3682,2799,nap (afternoon); siesta,EN
3683,2800,lipstick,EN
3684,2801,arithmetic,EN
3685,2802,filial piety,EN
3686,2803,social science,EN
3687,2804,English-Japanese (e.g. dictionary),EN
3688,2805,diamond,EN
3689,2806,lump; mass; bundle; clump; clod; cluster,EN
3690,2806,group; crowd,EN
3691,2807,pictorial book; picture book; illustrated reference book; identification manual; field guide,EN
3692,2808,encyclopedia; encyclopaedia,EN
3693,2809,frankness; candour; candor; openheartedness; directness,EN
3694,2810,passbook; bankbook,EN
3695,2811,equator,EN
3696,2812,questions and answers; dialogue,EN
3697,2813,combination,EN
3698,2814,garden shrubs; trees; potted plant,EN
3699,2815,sumi; India ink; Chinese ink; ink stick; ink-cake,EN
3700,2815,squid ink; octopus ink,EN
3701,2816,capacity; volume,EN
3702,2817,canned goods; canning; packing (in cans); tin can,EN
3703,2817,confining someone (e.g. so they can concentrate on work),EN
3704,2818,money collection,EN
3705,2819,fat; tallow; lard; grease,EN
3706,2820,canal; waterway,EN
3707,2821,natural science,EN
3708,2822,paint; coloring materials; colors; colours,EN
3709,2823,white hair; grey hair; gray hair,EN
3710,2824,lamp oil; kerosene,EN
3711,2825,moving from place to place; being passed around repeatedly,EN
3712,2825,rolling about,EN
3713,2826,tire; tyre,EN
3714,2827,birth date; date of birth; DOB,EN
3715,2828,idea; notion; conception,EN
3716,2828,sense (e.g. of duty),EN
3717,2829,stage,EN
3718,2829,performance,EN
3719,2830,fisherman,EN
3720,2831,radius,EN
3721,2832,finish; completion; ready; made for; cut out,EN
3722,2833,dry cell; battery,EN
3723,2834,increase and decrease; fluctuation,EN
3724,2835,vinegar,EN
3725,2836,nylon,EN
3726,2837,shell; shellfish,EN
3727,2838,apron,EN
3728,2839,navy blue; deep blue,EN
3729,2840,"crying ""banzai"" (or raising one's hands in the banzai gesture)",EN
3730,2840,something worthy of celebration,EN
3731,2841,hedge; fence,EN
3732,2842,bell (often globular),EN
3733,2842,singing bowl (bell in the shape of a bowl),EN
3734,2843,nausea; sickness in the stomach,EN
3735,2844,waterfall,EN
3736,2844,rapids,EN
3737,2845,blood transfusion,EN
3738,2846,(telephone) receiver,EN
3739,2847,locomotive; engine,EN
3740,2848,particular; special; exceptional; especial,EN
3741,2849,baby; infant,EN
3742,2850,goldfish,EN
3743,2851,coal mine; coal pit,EN
3744,2852,efficiency,EN
3745,2852,moment (i.e. magnetic moment),EN
3746,2853,modesty; humility,EN
3747,2854,princess,EN
3748,2855,level; standard; amount; degree; gradation; grade; rank; class; floor; storey (story); layer; stratum,EN
3749,2855,spirit level; (surveyor's) level,EN
3750,2856,folk song; popular song,EN
3751,2857,rope,EN
3752,2857,grand champion's braided belt,EN
3753,2858,smart; stylish,EN
3754,2858,slim,EN
3755,2859,balance,EN
3756,2860,tatami room; tatami mat room; formal Japanese room,EN
3757,2860,dinner party in a tatami room (esp. when a geisha or maiko attends),EN
3758,2861,company director; top management; high executive; (person with) heavy responsibilities,EN
3759,2862,one-way (trip),EN
3760,2862,one-way ticket,EN
3761,2863,landlord; landlady,EN
3762,2863,house owner; home owner; head of the household,EN
3763,2864,North Pole,EN
3764,2864,the Arctic,EN
3765,2865,main street,EN
3766,2866,training,EN
3767,2867,little finger; pinky,EN
3768,2867,little toe,EN
3769,2868,amount; quantity,EN
3770,2869,meeting; reception,EN
3771,2870,exhaustion; consumption; waste; dissipation,EN
3772,2871,schoolyard; campus,EN
3773,2872,intimate friend; close friend; bosom buddy; chum,EN
3774,2873,bar; pub; tavern,EN
3775,2874,district; county,EN
3776,2874,"district (of 2-20 50-home neighbourhoods or townships, in the ritsuryo period)",EN
3777,2875,rude; violent; rough; lawless; unreasonable; reckless,EN
3778,2876,soon; nearness; before long,EN
3779,2877,"neutrality (incl. chemical, electrical, etc.); indifference",EN
3780,2877,sexlessness; androgyny; androgyne; neuter,EN
3781,2878,being on duty,EN
3782,2879,table of contents,EN
3783,2880,figure; shape; graphic,EN
3784,2881,snow storm; blizzard,EN
3785,2882,bell (often a large hanging bell); chime,EN
3786,2883,main gate; main entrance,EN
3787,2884,song; ballad,EN
3788,2885,example; specimen; sample,EN
3789,2886,running,EN
3790,2886,tank top,EN
3791,2887,with all one's strength; with all one's heart; resignation; resolution,EN
3792,2888,rice planting,EN
3793,2889,mark; sign; landmark; benchmark,EN
3794,2890,moisture; humidity; dampness,EN
3795,2891,daydream; fantasy; fancy; vision,EN
3796,2892,square,EN
3797,2893,gear; cog-wheel,EN
3798,2894,menu; bill of fare,EN
3799,2894,program; programme; schedule,EN
3800,2895,pronoun,EN
3801,2895,synonym; classic example; pattern; byword; representative,EN
3802,2896,deduction; subtraction; balance,EN
3803,2896,ebb and flow; rise and fall,EN
3804,2897,microscope,EN
3805,2898,rising; getting out of bed,EN
3806,2899,irregularity; unsteadiness; disorderly,EN
3807,2900,shoji (paper sliding door),EN
3808,2901,conclusion; decision,EN
3809,2902,order; sequence; procedure,EN
3810,2903,table salt,EN
3811,2904,ribbon,EN
3812,2905,misfortune; bad luck; ill luck; ill fortune; bad break; tough luck; mischance,EN
3813,2906,elementary level,EN
3814,2907,necklace,EN
3815,2908,consul,EN
3816,2909,exposure to the sun; sunny place,EN
3817,2909,per day,EN
3818,2910,"washing one's hands; water (or basin, etc.) for washing one's hands",EN
3819,2910,restroom; lavatory; toilet,EN
3820,2911,factory worker,EN
3821,2912,resentment; grudge; malice; bitterness,EN
3822,2912,matter for regret; regret,EN
3823,2913,daily lesson; daily work; daily routine,EN
3824,2914,sunlight; rays of the sun,EN
3825,2915,tokonoma (alcove where art or flowers are displayed),EN
3826,2916,fast-talking; rapid talking,EN
3827,2917,bowl; pot; basin,EN
3828,2917,flowerpot,EN
3829,2918,go (board game of capturing territory),EN
3830,2919,Christian Era; CE; anno domini; AD,EN
3831,2919,Western (Gregorian) calendar,EN
3832,2920,"noise (jarring, grating)",EN
3833,2920,gossip; irresponsible criticism,EN
3834,2921,Buddhist priest; monk,EN
3835,2921,boy,EN
3836,2922,nursing (a patient),EN
3837,2923,magnet,EN
3838,2923,compass,EN
3839,2924,walking around at night; night train; night travel,EN
3840,2925,pain; trouble; anxiety; diligence; hard work,EN
3841,2926,"muffler (garment, vehicle); scarf",EN
3842,2927,faucet; tap,EN
3843,2928,equation; formula,EN
3844,2928,method for solving a problem; set way of achieving a particular result,EN
3845,2929,changing clothes; change of clothes,EN
3846,2930,water outage,EN
3847,2931,commuter pass; season ticket,EN
3848,2932,mineral,EN
3849,2933,fluorescent lamp; fluorescent light,EN
3850,2933,person who is slow to react; someone slow on the uptake,EN
3851,2934,gum; rubber,EN
3852,2934,eraser,EN
3853,2935,negligence; carelessness; inattention; unpreparedness,EN
3854,2936,excursion; outing; trip,EN
3855,2937,toast; drink (in celebration or in honor of something),EN
3856,2937,drinking one's glass dry,EN
3857,2938,ridge; (mountain) pass; difficult part,EN
3858,2939,zabuton (flat floor cushion used when sitting or kneeling; usu. rectangular),EN
3859,2940,stopper; cork; stopcock,EN
3860,2941,clear weather; cloudless weather; good weather,EN
3861,2942,wool,EN
3862,2943,dawn,EN
3863,2944,"season (fruits and vegetables, sporting, holidays)",EN
3864,2945,special sale,EN
3865,2946,rainbow,EN
3866,2947,(train) conductor,EN
3867,2948,evening sun; setting sun,EN
3868,2949,chart; diagram; graph; figure,EN
3869,2950,fastener; zipper,EN
3870,2951,manufacture,EN
3871,2952,confluence (of rivers); merge (of traffic); conflux; junction; joining,EN
3872,2952,union (e.g. of forces); linking up; merging; coming together,EN
3873,2953,pedestrian traffic,EN
3874,2954,terminus; last stop (e.g. train),EN
3875,2955,shell; husk; hull; pod; chaff,EN
3876,2956,bed; couch,EN
3877,2957,number,EN
3878,2958,pupil (of eye),EN
3879,2958,eye,EN
3880,2959,flower arrangement,EN
3881,2959,fresh flowers,EN
3882,2960,dwelling; house; residence; address,EN
3883,2961,pillow; bolster,EN
3884,2961,introduction (e.g. to a rakugo story); lead-in,EN
3885,2962,misunderstanding; wrong guess,EN
3886,2963,wick; marrow; staple (for stapler); (pencil) lead; stuffing; pith,EN
3887,2963,core; heart; centre; center,EN
3888,2964,every place; various places,EN
3889,2965,utility pole; power pole; telephone pole; telegraph pole; lightpole,EN
3890,2966,essays; miscellaneous writings; literary jottings,EN
3891,2967,condominium (often mid-rise or high-rise concrete); apartment building; apartment house; apartment; flat,EN
3892,2968,iron pot; kettle,EN
3893,2969,urgent; pressing,EN
3894,2970,shade; shadow,EN
3895,2970,sunshine,EN
3896,2971,lunch,EN
3897,2971,launch,EN
3898,2972,porcelain bowl,EN
3899,2972,bowl of rice with food on top,EN
3900,2973,farewell; send-off,EN
3901,2974,context,EN
3902,2975,carpet,EN
3903,2976,coolness; calmness; composure; unconcern,EN
3904,2976,all right; OK; okay,EN
3905,2977,wool,EN
3906,2978,slide,EN
3907,2978,change (in value or situation); proportional change,EN
3908,2979,sticky rice cake,EN
3909,2980,gratuity; tip,EN
3910,2980,chip,EN
3911,2981,chopsticks,EN
3912,2982,cape (on coast),EN
3913,2983,swimming in the ocean; sea bathing; seawater bath; going for a dip in the ocean,EN
3914,2984,house for rent,EN
3915,2985,acceleration,EN
3916,2986,rice bowl; tea cup; teacup,EN
3917,2987,gun,EN
3918,2987,wooden pole that wrestlers strike in practice,EN
3919,2988,likes and dislikes; pickiness (about food); choosiness; fussiness; tastes; preferences,EN
3920,2989,toilet; lavatory; rest room; latrine; comfort station,EN
3921,2990,vapour; vapor; gas,EN
3922,2991,mask,EN
3923,2992,school,EN
3924,2993,dental brushing; brushing one's teeth,EN
3925,2993,dentifrice; toothpaste; tooth powder,EN
3926,2994,youngest child,EN
3927,2995,outward appearance,EN
3928,2996,sketching; drawing from nature; portrayal; description,EN
3929,2997,copy; duplicate,EN
3930,2998,"nail (e.g. fingernail, toenail); claw; talon; hoof",EN
3931,2998,plectrum; pick,EN
3932,2999,square,EN
3933,3000,leisure,EN
3934,3001,railway bridge; iron bridge,EN
3935,3002,receipt; voucher,EN
3936,3003,chimney; smokestack; funnel (of a ship); stovepipe,EN
3937,3003,carrying a passenger without turning on the taximeter,EN
3938,3004,speech; expression; wording; language,EN
3939,3005,feeling obliged; being grateful; being thankful; being sorry; being ashamed,EN
3940,3005,shrinking back in fear,EN
3941,3006,poster,EN
3942,3007,the Japanese syllabary,EN
3943,3008,empty; vacant; hollow,EN
3944,3009,geta; Japanese wooden clogs,EN
3945,3009,turn (in set-type proofing); upside-down character,EN
3946,3010,electric fan,EN
3947,3011,crossing; intersection,EN
3948,3011,(genetic) crossing over,EN
3949,3012,regular holiday; fixed day off; regular closing day,EN
3950,3013,repair; mending,EN
3951,3014,plastic,EN
3952,3015,lighthouse,EN
3953,3015,old-fashioned interior light fixture comprising a wooden pole with an oil-filled dish and a wick atop it,EN
3954,3016,backdoor; rear entrance,EN
3955,3017,sample; example; specimen,EN
3956,3017,display model (e.g. plastic food models used by restaurants),EN
3957,3018,capacity; volume,EN
3958,3019,year after next,EN
3959,3020,soliloquy; monologue; speaking to oneself,EN
3960,3021,having some knowledge of; happening to know,EN
3961,3022,water vapour; water vapor; steam,EN
3962,3023,dial,EN
3963,3024,Japanese-English,EN
3964,3025,knitting; knitted material; crochet,EN
3965,3026,common; commonplace; ordinary; mediocre,EN
3966,3027,net (weight),EN
3967,3028,here and there; some parts (of something); several places,EN
3968,3029,bandage; dressing,EN
3969,3030,temperate zone,EN
3970,3031,pattern,EN
3971,3031,behavioural pattern; behavioral pattern; predictability; force of habit,EN
3972,3032,program; programme,EN
3973,3033,calamity; misfortune; disaster,EN
3974,3034,direction; way; compass point,EN
3975,3035,motor,EN
3976,3036,defect; demerit; weak point; disadvantage,EN
3977,3037,basin (e.g. between mountains),EN
3978,3038,group with a common interest (e.g. students); club (e.g. company sports club); circle,EN
3979,3038,circle (shape),EN
3980,3039,marathon; long-distance race,EN
3981,3039,malathion,EN
3982,3040,electrical outlet; wall socket; power plug,EN
3983,3041,deep blue; bright blue,EN
3984,3041,ghastly pale; pallid; white as a sheet,EN
3985,3042,omission; abbreviation; abridgment; abridgement,EN
3986,3043,soy sauce; shoyu,EN
3987,3044,gloss; glaze,EN
3988,3044,charm; romance; love; youthfulness,EN
3989,3045,knitting wool,EN
3990,3046,"collective term for honorific, polite, and humble forms; honorific; term of respect; polite expression; honorific language",EN
3991,3047,antenna,EN
3992,3047,thing or method used to collect information or opinions,EN
3993,3048,reverse; inversion; upside down,EN
3994,3049,middle finger; long finger; second finger; tall finger,EN
3995,3049,middle toe; third toe,EN
3996,3050,milli-; 10^-3,EN
3997,3050,millimetre; millimeter,EN
3998,3051,folding fan,EN
3999,3052,humanities; social sciences; liberal arts,EN
4000,3053,timetable (esp. a weekly school timetable); schedule,EN
4001,3054,wire,EN
4002,3055,penmanship,EN
4003,3056,"side dish; okazu; side dish (meat, fish, pickles, etc.) accompanying the rice in a typical Japanese meal",EN
4004,3056,"food for thought (esp. in the context of conversation, or material for assisting arousal during masturbation)",EN
4005,3057,"necessities of life (food, clothing and shelter)",EN
4006,3058,yawn; yawning (and stretching),EN
4007,3058,"kanji ""yawning"" radical (radical 76)",EN
4008,3059,mosquito,EN
4009,3060,vulgarity; meanness; indecency; coarseness,EN
4010,3061,chest of drawers; bureau; cabinet; tansu; dresser,EN
4011,3062,superior; superiors; senior,EN
4012,3063,water fountain,EN
4013,3064,book of tickets,EN
4014,3065,assumption; supposition; hypothesis,EN
4015,3066,cover; lid; cap,EN
4016,3067,new moon; crescent moon,EN
4017,3068,division into equal parts,EN
4018,3069,arable land,EN
4019,3070,vinyl,EN
4020,3071,vague; ambiguous; unclear,EN
4021,3071,fuzzy,EN
4022,3072,meter (i.e. measuring device),EN
4023,3072,metre (i.e. 100 cm); meter,EN
4024,3073,practice; practising; training; study,EN
4025,3074,sudden increase,EN
4026,3075,despotism; autocracy,EN
4027,3076,alarm clock,EN
4028,3076,opening one's eyes; keeping one's eyes open,EN
4029,3077,horizon (related to sea or lakes),EN
4030,3078,disappointed love; broken heart; unrequited love; being lovelorn,EN
4031,3079,somewhat; to some extent; to some degree,EN
4032,3079,some; part; portion,EN
4033,3080,kanji compound,EN
4034,3080,idiom; idiomatic phrase,EN
4035,3081,course; direction; compass bearing,EN
4036,3082,adjective; i-adjective (in Japanese),EN
4037,3083,sold-out,EN
4038,3084,each time; always; often,EN
4039,3084,thank you for your continued patronage,EN
4040,3085,centimeter,EN
4041,3085,centi-; 10^-2,EN
4042,3086,boy,EN
4043,3087,feather; plume; wing,EN
4044,3087,"blade (fan, propeller, etc.)",EN
4045,3088,right angle; perpendicular,EN
4046,3089,brush,EN
4047,3089,brushy,EN
4048,3090,loss and gain; advantage and disadvantage,EN
4049,3091,the same rank; equality,EN
4050,3091,apposition,EN
4051,3092,rough (as in not precise); broad; sketchy,EN
4052,3093,speaker,EN
4053,3094,underwear; underclothes; lingerie; chemise; singlet,EN
4054,3095,house number; address,EN
4055,3096,soap,EN
4056,3097,idea,EN
4057,3098,raincoat; mackintosh; macintosh; trench coat,EN
4058,3099,drop of water,EN
4059,3099,vessel for replenishing inkstone water,EN
4060,3100,direct current; DC,EN
4061,3101,schedule,EN
4062,3102,blouse,EN
4063,3103,day before yesterday,EN
4064,3104,dangerous; disturbed; insecure,EN
4065,3105,cleaning; dry cleaning; laundry service,EN
4066,3106,evaporation,EN
4067,3106,disappearance (of people intentionally concealing their whereabouts); unexplained disappearance,EN
4068,3107,one thing or another; this way and that; this and that; this or that,EN
4069,3107,around; about; nearly; roughly; almost; round about,EN
4070,3108,pure heart; naivete; self-sacrificing devotion,EN
4071,3109,"attraction (e.g. magnetic, gravitation); affinity; gravitational pull",EN
4072,3109,attractiveness; magnetism,EN
4073,3110,cooler; air conditioner,EN
4074,3111,(measuring) ruler,EN
4075,3112,cooking; culinary arts,EN
4076,3113,burn; scald,EN
4077,3114,udon; thick Japanese wheat noodles,EN
4078,3115,worship; shrine visit,EN
4079,3116,latitude (nav.),EN
4080,3117,locker,EN
4081,3117,rocker,EN
4082,3118,hindrance; impediment,EN
4083,3119,infancy; childish; infantile,EN
4084,3120,sign; mark; symbol; code,EN
4085,3120,"sign (e.g. positive, negative)",EN
4086,3121,sliding storm shutter,EN
4087,3122,pressing; demanding; urging; demand; request; claim,EN
4088,3123,tabi; Japanese socks (with split toe),EN
4089,3124,litre; liter,EN
4090,3125,seat; bench,EN
4091,3126,fry pan; frying pan,EN
4092,3127,derailment,EN
4093,3127,digression; deviation,EN
4094,3128,rough copy; draft; draught,EN
4095,3129,sheet; bed sheet,EN
4096,3130,malicious; ill-tempered; unkind,EN
4097,3131,minus,EN
4098,3132,dam,EN
4099,3132,dumb,EN
4100,3133,accent (in language),EN
4101,3133,stress; highlight; accent,EN
4102,3134,canteen; flask; water bottle; thermos,EN
4103,3135,soba; Japanese buckwheat noodles,EN
4104,3135,buckwheat (Fagopyrum esculentum),EN
4105,3136,(in) general; broad (e.g. knowledge); the basics,EN
4106,3136,ordinary; usual; common,EN
4107,3137,ellipse,EN
4108,3138,steam; vapour; vapor,EN
4109,3139,stop,EN
4110,3140,express; special delivery,EN
4111,3141,unclean; dirty; filthy; impure,EN
4112,3142,some; any; (a) little; of some kind; of some sort,EN
4113,3143,superstition; superstitious belief,EN
4114,3144,rhythm,EN
4115,3145,saw,EN
4116,3145,musical saw,EN
4117,3146,detour; diversion,EN
4118,3147,concrete,EN
4119,3148,camera shutter,EN
4120,3148,"shutter (door, window, etc.)",EN
4121,3149,idea,EN
4122,3150,contagion; infection,EN
4123,3151,nourishment; nutrient,EN
4124,3152,container; case; receptacle,EN
4125,3152,(euph. for) coffin; casket,EN
4126,3153,lobby; lounge,EN
4127,3154,even number,EN
4128,3155,self-study; teaching oneself,EN
4129,3156,scarf,EN
4130,3157,campus,EN
4131,3158,one-by-one; separately,EN
4132,3158,every single; each and every; without omission; fully; in detail,EN
4133,3159,vitamin,EN
4134,3160,continuously; from beginning to end; from first to last,EN
4135,3161,sewing,EN
4136,3162,seal (used for signature),EN
4137,3163,surface mail (ship); sea mail,EN
4138,3163,ferry service; steamer service,EN
4139,3164,bonus,EN
4140,3165,failure; dropping out of a class,EN
4141,3166,cassette (tape),EN
4142,3166,game cartridge,EN
4143,3167,between-meal snack,EN
4144,3167,mid-afternoon (around 3 o'clock) snack; afternoon refreshment; afternoon tea,EN
4145,3168,katakana; angular Japanese syllabary used primarily for loanwords,EN
4146,3169,absurd; unreasonable; nonsensical; preposterous; incoherent,EN
4147,3169,extreme; senseless; reckless; wanton,EN
4148,3170,curve; turn,EN
4149,3170,curve ball,EN
4150,3171,ring finger; fourth finger,EN
4151,3172,sewing machine,EN
4152,3173,drunkard,EN
4153,3174,subject,EN
4154,3175,recreation,EN
4155,3175,re-creation,EN
4156,3176,calorie,EN
4157,3177,ink,EN
4158,3178,foot (of a mountain or hill); bottom; base,EN
4159,3179,fresh; refreshing; invigorating,EN
4160,3179,clear (e.g. voice); fluent; eloquent,EN
4161,3180,eyelid; eyelids,EN
4162,3181,stockings,EN
4163,3182,noun,EN
4164,3183,woman,EN
4165,3184,office worker; company employee; company man,EN
4166,3185,passage; place; point; part,EN
4167,3186,crevice; crack; gap; opening; clearance,EN
4168,3186,spare moment; interval; break; pause; spare time,EN
4169,3187,brooch,EN
4170,3188,urine; piss; pee,EN
4171,3188,breaking a contract,EN
4172,3189,"hiragana; cursive Japanese syllabary used primarily for native Japanese words (esp. function words, inflections, etc.)",EN
4173,3190,carpet; rug; runner,EN
4174,3191,holiday; day off; absence,EN
4175,3192,outline; summary; argument,EN
4176,3193,comb,EN
4177,3194,bucket; pail,EN
4178,3194,skip,EN
4179,3195,paste; glue,EN
4180,3195,clothing starch,EN
4181,3196,cupboard; locker; closet; wardrobe; cabinet,EN
4182,3197,lost property,EN
4183,3198,"sashimi (raw sliced fish, shellfish or crustaceans)",EN
4184,3199,advance arrangements; preparatory meeting; briefing session,EN
4185,3199,"overlap (of a coat, etc.)",EN
4186,3200,fraction,EN
4187,3201,impertinent; saucy; cheeky; conceit; audacious; brazen; feisty,EN
4188,3202,cook; chef,EN
4189,3202,tap; spigot; faucet; cock,EN
4190,3203,competition; contest,EN
4191,3204,second helping; another cup; seconds,EN
4192,3205,woman,EN
4193,3206,famine; drought; shortage; crop failure,EN
4194,3207,orchestra,EN
4195,3208,avarice; covetousness; greed,EN
4196,3209,tennis court,EN
4197,3210,stock-farming,EN
4198,3211,radical (of a kanji character),EN
4199,3212,(sudden) evening shower (rain),EN
4200,3213,stripe; bar; streak,EN
4201,3214,chewing gum,EN
4202,3214,gum; rubber,EN
4203,3215,tempo,EN
4204,3216,person with a lot of experience; old hand; veteran (in a particular field),EN
4205,3217,wife; your wife; his wife; married lady; madam,EN
4206,3218,chalk,EN
4207,3218,choke,EN
4208,3219,introduction; outline; general remarks,EN
4209,3220,zori; Japanese sandals,EN
4210,3221,echo; reverberation,EN
4211,3221,"sound (esp. the distinctive sound of an object or activity, e.g. rain, gun, gallop, drum); noise",EN
4212,3222,millimeter; millimetre,EN
4213,3223,pliers,EN
4214,3224,seminar,EN
4215,3225,cement,EN
4216,3226,carelessly; thoughtlessly; inadvertently,EN
4217,3227,helicopter,EN
4218,3228,longitude,EN
4219,3229,tail (animal),EN
4220,3230,chorus,EN
4221,3231,about to start out; just about to leave or go out,EN
4222,3231,outing; trip,EN
4223,3232,journalist,EN
4224,3233,dizziness; giddiness; vertigo,EN
4225,3234,"lecture cancellation; cancelling (lecture, class, etc.)",EN
4226,3235,the other day; lately; recently,EN
4227,3236,"spring (e.g. coil, leaf); mainspring; power spring",EN
4228,3237,platform,EN
4229,3238,bow; bowing,EN
4230,3239,building,EN
4231,3240,pistol,EN
4232,3241,gang,EN
4233,3241,gangster,EN
4234,3242,monorail,EN
4235,3243,navel; belly button,EN
4236,3243,protrusion or depression in the middle of an object,EN
4237,3244,valid; proper; right; appropriate; reasonable,EN
4238,3245,siren,EN
4239,3246,circumference,EN
4240,3247,waiting room,EN
4241,3248,inverted; upside down,EN
4242,3249,return,EN
4243,3250,special; auspicious; happy,EN
4244,3250,naive; innocent; good-natured; gullible; foolish,EN
4245,3251,dots; spots,EN
4246,3252,underline; underscore,EN
4247,3253,saying goodbye; parting,EN
4248,3254,overcoat,EN
4249,3255,pen,EN
4250,3256,etiquette,EN
4251,3257,at that time; in those days; at that moment; then,EN
4252,3258,"rock, paper, scissors game",EN
4253,3259,stewardess; (female) flight attendant,EN
4254,3260,nail (i.e. small metal spike),EN
4255,3261,organ (musical instrument),EN
4256,3262,glitter; sparkle,EN
4257,3263,karuta; traditional Japanese playing cards,EN
4258,3264,pitch black,EN
4259,3265,automation,EN
4260,3266,Europe and America; the West,EN
4261,3267,sneeze,EN
4262,3268,here and there; all around; everywhere; throughout; all over,EN
4263,3269,bowl (wooden),EN
4264,3270,fraction (part of); decimal fraction,EN
4265,3271,some time ago; not long ago; just now,EN
4266,3272,waitress,EN
4267,3273,itinerary; route,EN
4268,3274,rag; scrap; tattered clothes,EN
4269,3274,"fault (esp. in a pretense, pretence); defect",EN
4270,3275,grunt; grumble; complaint; mutter,EN
4271,3275,pimples; spots; eruption; rash,EN
4272,3276,"such and such (when being vague, placeholder, etc.); this and that",EN
4273,3277,sunset,EN
4274,3278,maid,EN
4275,3279,uncle,EN
4276,3279,old man; mister (vocative),EN
4277,3280,irresponsible utterance; nonsense; bullshit; codswallop,EN
4278,3280,random; haphazard; unsystematic,EN
4279,3281,diagonal,EN
4280,3282,index finger; forefinger,EN
4281,3283,candle,EN
4282,3284,integer,EN
4283,3285,your pardon; declining (something); dismissal; permission,EN
4284,3286,necessities; necessary article; requisite; essentials; staple,EN
4285,3287,rush hour,EN
4286,3288,ruler; measure,EN
4287,3289,rounding (fractions); rounding half up,EN
4288,3290,punctuation mark; punctuation marks,EN
4289,3291,matter of taste,EN
4290,3292,hiccough; hiccup,EN
4291,3293,crater; caldera,EN
4292,3293,burner (e.g. on a furnace),EN
4293,3294,store; shop,EN
4294,3295,with trouble; at great pains,EN
4295,3296,writing down from other written material; writing kanji text from hiragana,EN
4296,3296,transcription (of spoken material),EN
4297,3297,elbow,EN
4298,3298,wrapping cloth; cloth wrapper,EN
4299,3299,connection; link; relationship,EN
4300,3300,joke; pun; witticism,EN
4301,3301,speed,EN
4302,3302,barbershop; barber,EN
4303,3303,parlor; parlour; guest room,EN
4304,3304,fusuma; Japanese sliding screen,EN
4305,3305,slowly; sluggishly,EN
4306,3306,paddy field; farm,EN
4307,3307,national holiday; festival day,EN
4308,3308,reconciliation; make peace with,EN
4309,3309,"romaji; romanization; romanisation; transliteration of Japanese in Latin or ""Roman"" letters",EN
4310,3309,Latin alphabet; Roman alphabet,EN
4311,3310,sleep-wear; nightclothes; pyjamas; pajamas; nightgown; nightdress,EN
4312,3311,month before last,EN
4313,3312,unevenness; roughness; ruggedness; bumpiness,EN
4314,3312,inequality; imbalance; unevenness; difference,EN
4315,3313,subtraction,EN
4316,3314,sleep-wear; nightclothes; pyjamas; pajamas; nightgown; nightdress,EN
4317,3315,and Company; Messrs; for the attention of ...,EN
4318,3316,"kana; Japanese syllabary (i.e. hiragana, katakana)",EN
4319,3317,week before last,EN
4320,3318,earthenware; crockery; china,EN
4321,3319,(short) rest; breather; break,EN
4322,3320,niece,EN
4323,3321,"end (e.g. of street, hallway, etc.)",EN
4324,3322,singular number,EN
4325,3323,week after next,EN
4326,3324,shop that handles Western-style apparel and accessories,EN
4327,3325,ladder,EN
4328,3325,stairs,EN
4329,3326,fire station,EN
4330,3327,clean copy,EN
4331,3328,pepper,EN
4332,3329,division,EN
4333,3330,uncle,EN
4334,3330,old man; mister (vocative),EN
4335,3331,multiplication,EN
4336,3332,diagram,EN
4337,3333,"bowl (ceramic, porcelain)",EN
4338,3334,cowardice; meanness; unfairness,EN
4339,3335,uncle,EN
4340,3335,old man; mister (vocative),EN
4341,3336,very much; exaggerated; very fine,EN
4342,3337,cousin (female),EN
4343,3338,zero; no marks,EN
4344,3338,zero; root,EN
4345,3339,(addressee's) name; (recipient's) name and address,EN
4346,3340,month after next,EN
4347,3341,in three days' time; two days after tomorrow,EN
4348,3342,column; beam; girder; crossbeam; spar; yard,EN
4349,3342,digit; decade; order of magnitude,EN
4350,3343,abacus,EN
4351,3344,son (of others),EN
4352,3344,young master,EN
4353,3345,sigh,EN
4354,3346,sudden; abrupt; unexpected; improvised; hasty; offhand,EN
4355,3346,impromptu skit,EN
4356,3347,spoon,EN
4357,3348,China and Japan,EN
4358,3348,Chinese and Japanese (languages),EN
4359,3349,adverb,EN
4360,3350,predicate,EN
4361,3351,each; individual,EN
4362,3352,four corners; crossroads,EN
4363,3353,bottling; bottled,EN
4364,3354,gently-sloping; gentle; easy,EN
4365,3355,kana orthography; syllabary spelling,EN
4366,3356,in order; in turn,EN
4367,3357,two days before yesterday; three days back (ago),EN
4368,3358,(hand) towel,EN
4369,3359,feast; treating (someone),EN
4370,3360,writing paper; stationery,EN
4371,3361,house-cloth; dust cloth,EN
4372,3362,razor,EN
4373,3363,rust,EN
4374,3364,humble; humility; modesty; being humble,EN
4375,3365,brick,EN
4376,3366,furigana; kana over or beside kanji to indicate pronunciation,EN
4377,3367,waste; scrap; garbage; dregs,EN
4378,3367,chad,EN
4379,3368,parentheses; brackets,EN
4380,3369,toilet; restroom; lavatory; bathroom,EN
4381,3370,carefree; optimistic; careless; reckless; heedless; happy-go-lucky; easygoing; thoughtless,EN
4382,3371,kana written after a kanji to complete the full (usually kun) reading of the word (may inflect); declensional kana ending,EN
4383,3372,"not writing or contacting for a while; neglecting to write (call, visit, etc.); failing to write (call, visit, etc.); long silence",EN
4384,3373,"not writing or contacting for a while; neglecting (failing) to write (call, visit, etc.); long silence",EN
4385,3374,kettle,EN
4386,3375,scales; weighing machine,EN
4387,3376,moustache; beard; whiskers,EN
4388,3376,extremely short pulse appearing on an electrical signal,EN
4389,3377,na-adjective (adj-na); quasi-adjective; adjectival noun; nominal adjective,EN
4390,3378,room to let; room for rent,EN
4391,3379,frigid zone,EN
4392,3380,broom,EN
4393,3381,wastepaper; paper scraps; paper waste,EN
4394,3382,riddle; puzzle; enigma,EN
4395,3383,being comfortable; relaxing,EN
4396,3384,rubbish; trash; garbage; refuse,EN
4397,3384,worthless thing,EN
4398,3385,tissue paper; toilet paper,EN
4399,3386,pickpocket,EN
4400,3387,"x-mark (used to indicate an incorrect answer in a test, etc.)",EN
4401,3387,impossibility; futility; uselessness,EN
4402,3388,interaction; correspondence; coping with; dealing with; support; response; reception,EN
4403,3388,software support; ability of a computer system to run specific software; compatibility,EN
4404,3389,form; method; system; formula,EN
4405,3390,offer; tender; program sponsoring; programme sponsoring; furnishing; provisioning; supply; donating,EN
4406,3391,handicraft,EN
4407,3391,work; construction; manufacturing,EN
4408,3392,registration; accession; register; entry; record,EN
4409,3393,guarantee; security; assurance; pledge; warranty,EN
4410,3394,raw materials; subject matter,EN
4411,3395,self; oneself,EN
4412,3396,nursing; care; caregiving; caring,EN
4413,3397,becoming a member; joining; entry; admission; subscription; affiliation; adherence; signing,EN
4414,3398,articles; supplies; parts,EN
4415,3399,limit; restriction,EN
4416,3400,inventory; stock; stockpile,EN
4417,3401,purchase; buy,EN
4418,3402,way; method; means; resource; remedy,EN
4419,3402,(technical) specification,EN
4420,3403,support; holding up; propping,EN
4421,3403,support; backing; endorsing,EN
4422,3404,furnished with; including,EN
4423,3404,attached to,EN
4424,3405,detail; particulars,EN
4425,3406,exclusive use; personal use; dedicated,EN
4426,3406,private (e.g. network),EN
4427,3407,regular; normal; formal; legal; established; legitimate,EN
4428,3408,publication (e.g. article in paper); appearance; insertion,EN
4429,3409,convenience; accommodation; advantage; expedience,EN
4430,3410,stock (company),EN
4431,3411,recommendation; advice; suggestion; encouragement,EN
4432,3412,business; affairs; duties; work; procedure; task; action; function; (business) operations; operational,EN
4433,3413,manufacturing; processing; treatment; machining,EN
4434,3414,discount; reduction; rebate; (after a number) tenths discounted; tenths reduced,EN
4435,3415,report; notification; registration,EN
4436,3416,synthesis; coordination; putting together; integration; composite,EN
4437,3416,comprehensive,EN
4438,3417,feature (e.g. newspaper); special edition; report,EN
4439,3418,"establishment; creation; posing (a problem); setting (movie, novel, etc.); scene",EN
4440,3418,options setting; preference settings; configuration; setup,EN
4441,3419,one part; one portion; one section; some,EN
4442,3419,one copy (e.g. of a document),EN
4443,3420,care; protection; shelter; safeguard; guardianship; favor; favour; patronage,EN
4444,3421,"acknowledgement; acknowledgment; understanding (e.g. ""please be understanding of the mess during our renovation""); noting; acceptance",EN
4445,3422,common; general; normal; usual,EN
4446,3423,division; splitting; sharing; distribution; dissemination; allocation,EN
4447,3424,"opening to the public; making available to the public; putting on display; exhibiting; showing (play, movie, etc.); holding (interview, etc.); open; public",EN
4448,3425,use; adoption; acceptance,EN
4449,3425,appointment; employment; engagement; recruitment,EN
4450,3426,substance; real form,EN
4451,3426,main part; main unit; body (of a machine),EN
4452,3427,holding a meeting; open an exhibition,EN
4453,3428,news (from somebody); letter; contact,EN
4454,3428,(somebody's) whereabouts; (somebody's) movements,EN
4455,3429,(material) quality,EN
4456,3430,project; enterprise; business; industry; operations; venture; service,EN
4457,3430,act; deed; conduct,EN
4458,3431,bar,EN
4459,3431,VAR,EN
4460,3432,size,EN
4461,3433,point,EN
4462,3433,points (of a railway); switch,EN
4463,3434,manufacturer; maker,EN
4464,3435,design,EN
4465,3436,"blue (colour, color)",EN
4466,3436,sad; down (in the dumps),EN
4467,3437,nightclub,EN
4468,3437,clubs (card suit),EN
4469,3438,increasing,EN
4470,3438,uploading,EN
4471,3439,"all; everything; the whole; lock, stock, and barrel",EN
4472,3439,absolutely not (with negative); without exception; entirely not,EN
4473,3440,gold,EN
4474,3441,first; foremost; number one,EN
4475,3442,unknown; obscure; indistinct; uncertain; ambiguous,EN
4476,3442,anonymous; unidentified,EN
4477,3443,power; might; authority; influence,EN
4478,3444,political measures; policy,EN
4479,3445,text (of document); body (of letter),EN
4480,3446,comment,EN
4481,3446,(blog) comment,EN
4482,3447,attached; belonging (to); included; enclosed; affiliated; annexed; associated; subordinate; incidental; dependent; auxiliary,EN
4483,3448,end; finish; stop,EN
4484,3448,bounds; limits,EN
4485,3449,declaration; statement; proclamation,EN
4486,3450,physiology,EN
4487,3450,menstruation; one's period; menses,EN
4488,3451,something carried (in the hand); handheld; portable,EN
4489,3451,mobile telephone; cell phone,EN
4490,3452,sale,EN
4491,3453,comprehension; consent; understanding; agreement; roger (on the radio),EN
4492,3454,establishment; institution,EN
4493,3454,installation (of a machine or equipment),EN
4494,3455,exhibition; display,EN
4495,3456,agreement; rules; code; protocol; convention; bylaw,EN
4496,3457,people; public,EN
4497,3458,sky,EN
4498,3458,heaven,EN
4499,3459,institution; establishment; facility,EN
4500,3459,(army) engineer,EN
4501,3460,place; situation; position; location,EN
4502,3461,management; administration; operation,EN
4503,3462,miscellaneous goods; general goods; sundries,EN
4504,3463,matter; item; facts,EN
4505,3464,development; exploitation,EN
4506,3465,"fixation; fixing (e.g. salary, capital)",EN
4507,3465,fixed handle,EN
4508,3466,letter; writings,EN
4509,3467,background; scenery; backdrop; setting; circumstance; context,EN
4510,3467,backing; support (from behind the scenes),EN
4511,3468,section of village,EN
4512,3469,normalcy; normality; normal,EN
4513,3470,treatment; service; handling; management,EN
4514,3471,line (i.e. of text); row; verse,EN
4515,3471,carya (austerities),EN
4516,3472,work (e.g. of art); production,EN
4517,3472,harvest; cultivation; farming; crop; yield,EN
4518,3473,first; new,EN
4519,3474,personal experience; physical experience; one's own experience,EN
4520,3475,presentation; exhibit; suggest; citation,EN
4521,3476,dwelling; living,EN
4522,3477,beauty,EN
4523,3478,outbreak; spring forth; occurrence; incidence,EN
4524,3478,generation (e.g. of power or heat); genesis; origin,EN
4525,3479,swing; shake; wave; swinging,EN
4526,3479,appearance; behaviour,EN
4527,3480,toy; plaything,EN
4528,3481,ward; district; section,EN
4529,3482,quantity; amount; volume; number; amount of money,EN
4530,3483,bad; poor; inferior,EN
4531,3483,delinquent; hoodlum; hooligan,EN
4532,3484,administration,EN
4533,3485,person in charge of music (in a Japanese dance performance),EN
4534,3485,person singing ballads (in noh),EN
4535,3486,number; edition; make; model; issue; part of that group,EN
4536,3486,sobriquet; pen-name,EN
4537,3487,planning; project; plan; design,EN
4538,3488,bowl; vessel; container,EN
4539,3488,ability; capacity; calibre; caliber,EN
4540,3489,illumination; lighting,EN
4541,3490,quotient,EN
4542,3490,dealing; dealer; store,EN
4543,3491,every day; daily; day after day; days (e.g. good old days),EN
4544,3492,ease,EN
4545,3493,name; title,EN
4546,3494,death; decease,EN
4547,3494,death penalty (by strangulation or decapitation),EN
4548,3495,action; operation; effect; function,EN
4549,3496,edition; version; printing; impression; implementation (e.g. software),EN
4550,3496,plate; block; cast,EN
4551,3497,grey (gray),EN
4552,3497,gray (SI unit of absorbed dose of radiation),EN
4553,3498,challenge; defiance; dare; attempt; try,EN
4554,3499,interior; inside; internal,EN
4555,3500,teaching; instruction; teachings; precept; lesson; doctrine,EN
4556,3501,formation; molding; taking form,EN
4557,3501,repair (e.g. plastic surgery); replacement; -plasty,EN
4558,3502,finish; completion; understanding,EN
4559,3503,end; finishing touches; being finished,EN
4560,3504,reflection; image; picture (e.g. on a television); shot,EN
4561,3504,video; film; footage; clip; video recording,EN
4562,3505,resuscitation; regeneration; restoration to life,EN
4563,3505,reformation; rehabilitation,EN
4564,3506,system; lineage; group,EN
4565,3506,corollary,EN
4566,3507,hold; charge; keep possession; in charge,EN
4567,3507,wear; durability; life; draw,EN
4568,3508,making; producing; manufacturing; building; construction; make; structure,EN
4569,3508,"appearance (i.e. attire, make-up)",EN
4570,3509,production (e.g. play); direction,EN
4571,3510,performance; stage appearance,EN
4572,3511,standard; norm,EN
4573,3512,category,EN
4574,3513,elevation; rise; improvement; advancement; progress,EN
4575,3514,investment,EN
4576,3515,passage; expiration; progress; transition,EN
4577,3516,trade; commerce,EN
4578,3517,intended for ...; oriented towards ...; aimed at ...,EN
4579,3518,root; source; origin; foundation; base; principle,EN
4580,3519,truth; real situation,EN
4581,3520,credit,EN
4582,3520,money owed on an account; bill,EN
4583,3521,record; statement; description; mention; listing; registration; booking; entry,EN
4584,3522,insurance; guarantee,EN
4585,3523,world; society; age; generation,EN
4586,3524,hero; heroine; great person,EN
4587,3524,"Eroica Symphony (Beethoven, 1804)",EN
4588,3525,war; battle; campaign; fight,EN
4589,3525,troops; forces,EN
4590,3526,childbirth; (giving) birth; delivery; parturition; confinement,EN
4591,3526,production (of goods),EN
4592,3527,image; figure; statue; picture; portrait,EN
4593,3527,figure; form; shape; appearance,EN
4594,3528,distance; range,EN
4595,3529,system,EN
4596,3530,fund; foundation,EN
4597,3531,trader; merchant; vendor; supplier,EN
4598,3531,manufacturer; contractor,EN
4599,3532,youth; springtime of life; adolescent,EN
4600,3533,system; organization; organisation; imperial command; laws; regulation; control; government; suppression; restraint; holding back; establishment,EN
4601,3534,exhibit; display; putting something up for sale,EN
4602,3535,answer; reply; response; solution,EN
4603,3536,generation; the world; the age,EN
4604,3537,debate; discussion,EN
4605,3538,net; netting,EN
4606,3538,web,EN
4607,3539,application; entry; request; subscription; offer; proposal; overture; challenge,EN
4608,3540,cooking; food preparation,EN
4609,3541,prior; beforehand; in advance; before the fact; ex ante,EN
4610,3542,self-confidence; confidence (in oneself),EN
4611,3543,reform; reformation; innovation,EN
4612,3544,acquisition; possession,EN
4613,3545,people; race; nation; ethnic group; ethnos,EN
4614,3546,real estate,EN
4615,3547,burden; charge; responsibility,EN
4616,3548,association; society; organization; organisation,EN
4617,3549,mechanism; organization; organisation,EN
4618,3550,medical treatment; cure,EN
4619,3551,agreement; consent; same opinion; approval,EN
4620,3551,same meaning,EN
4621,3552,clothing; costume; outfit; garment; dress,EN
4622,3553,sentiment; emotions; one's feelings; one's heart,EN
4623,3554,qualifications; requirements; capabilities,EN
4624,3555,original; unique; distinctive; characteristic; peculiar,EN
4625,3555,independent; one's own; personal,EN
4626,3556,reader,EN
4627,3557,movement; move; motion,EN
4628,3557,trend; development; change; fluctuation,EN
4629,3558,source; origin,EN
4630,3559,child,EN
4631,3559,young (animal),EN
4632,3560,breaking through; breakthrough; penetration,EN
4633,3561,business,EN
4634,3562,period; time,EN
4635,3562,age,EN
4636,3563,"stroke (of a kanji, etc.)",EN
4637,3564,errand; mission; going as envoy,EN
4638,3564,messenger; bearer; errand boy; errand girl,EN
4639,3565,moving forward (e.g. vehicle); onward movement,EN
4640,3565,"advance (work, procedure, etc); advancement; progress",EN
4641,3566,new face; newcomer; rookie; fresh recruit,EN
4642,3566,modern humans (from Cro-Magnon man onwards),EN
4643,3567,deed; act; action; conduct; behavior; behaviour; asceticism,EN
4644,3568,decision; settlement,EN
4645,3568,definition,EN
4646,3569,height; stature,EN
4647,3569,length (esp. of clothing),EN
4648,3570,original method or procedure,EN
4649,3570,serious; orthodox; classical; genuine,EN
4650,3571,fruits (of one's labors); results; outcome; accomplishment,EN
4651,3572,investigation; inspection; examination,EN
4652,3572,tune; note; melody,EN
4653,3573,department; section; faculty; school; arm,EN
4654,3573,course (of study); branch of study; specialization,EN
4655,3574,uniform,EN
4656,3575,arrangement (of resources); deployment; stationing; posting; disposition; configuration; layout,EN
4657,3576,absence,EN
4658,3576,disregard; indifference,EN
4659,3577,song; tune; composition; piece of music,EN
4660,3578,past; after,EN
4661,3578,too (much); over- (e.g. eating),EN
4662,3579,guarantee; maintain; ensure; insure; secure; reservation,EN
4663,3580,collapse; crumbling; breaking down; caving in,EN
4664,3580,decay,EN
4665,3581,trouble; troubles; worry; distress; sorrows; anguish; agony; problem,EN
4666,3582,favorable; favourable; satisfactory,EN
4667,3583,big; large; drastic; substantial,EN
4668,3583,full-width cloth (approx. 72 cm wide for traditional Japanese clothing; approx. 140 cm wide for Western clothing),EN
4669,3584,connoisseur; authority,EN
4670,3585,individuality; personality; idiosyncrasy,EN
4671,3586,actual place; local; on-site,EN
4672,3587,some; few; a number of; a little (bit),EN
4673,3587,somewhat; to a certain extent,EN
4674,3588,recognition; cognizance; cognisance; knowledge; realization; realisation; awareness; perception,EN
4675,3589,disposal; dealing (with a problem); disposition; measure; procedure,EN
4676,3589,punishment,EN
4677,3590,source of electricity; electrical power,EN
4678,3590,"power (button on TV, etc.)",EN
4679,3591,group; bunch; crowd; throng; swarm; band,EN
4680,3591,group,EN
4681,3592,thought; consideration; thinking,EN
4682,3593,cancellation; rescinding; release; calling off; lifting (sanctions); delisting,EN
4683,3594,whereabouts,EN
4684,3595,charge; custody; safekeeping; deposit; storage,EN
4685,3596,act; deed; conduct,EN
4686,3597,introduction; bringing in; leading in; installation,EN
4687,3598,scale; scope; plan; structure,EN
4688,3599,preference; priority; precedence,EN
4689,3600,health; hygiene; sanitation; medical,EN
4690,3601,bed; bedding,EN
4691,3601,sickbed,EN
4692,3602,starring; playing the leading part,EN
4693,3603,baby; infant,EN
4694,3604,assistance; support; aid; help,EN
4695,3604,subsidy; supplement; subvention; grant-in-aid,EN
4696,3605,division (of a larger group); branch; field; class (subclass); group; category; department,EN
4697,3606,well-known; noted; celebrated,EN
4698,3607,wireless; radio,EN
4699,3608,making use of; application; practical use; investment,EN
4700,3608,operation; handling; steering (esp. a boat),EN
4701,3609,love; love-making; passion; emotion; affections,EN
4702,3610,information; report; journalism; news,EN
4703,3611,home area; home town,EN
4704,3612,composition; synthesis,EN
4705,3613,independence; autonomy,EN
4706,3614,expectation; anticipation; prediction; forecast; conjecture,EN
4707,3615,settlement (financial); squaring accounts; clearing debts,EN
4708,3615,liquidation,EN
4709,3616,proportion,EN
4710,3617,transactions; dealings; business,EN
4711,3618,person in charge; responsible official; senior staff,EN
4712,3619,infection; contagion,EN
4713,3620,demand for; request,EN
4714,3621,stipulation; prescription; provision; regulation; rule,EN
4715,3622,particular case; discrete; individual; separate,EN
4716,3623,attached to; belong to; member; affiliation,EN
4717,3624,walking; going on foot,EN
4718,3625,birth,EN
4719,3626,subject; theme; motif,EN
4720,3627,karma (i.e. actions committed in a former life),EN
4721,3628,transport; freight; shipping,EN
4722,3629,reaction; response,EN
4723,3630,ancient times,EN
4724,3631,urgent; pressing; emergency,EN
4725,3632,model; dummy; maquette,EN
4726,3633,fullness; completion; perfection; substantiality,EN
4727,3633,enhancement; improvement; enrichment; upgrading,EN
4728,3634,pupil in ... year; student in ... year,EN
4729,3635,war; battle; campaign; fight,EN
4730,3635,troops; forces,EN
4731,3636,revolution,EN
4732,3636,58th year of the sexagenary cycle (in Onmyōdō),EN
4733,3637,public performance,EN
4734,3637,exhibition in a foreign country,EN
4735,3638,family name; lineage; birth,EN
4736,3638,clan,EN
4737,3639,without permission; without notice,EN
4738,3640,shock; crash; impact; ballistic,EN
4739,3641,handle; grip; knob,EN
4740,3642,opposition; rebellion; revolt; resistance; backlash; refusal,EN
4741,3642,rebounding; recoiling; repulsion,EN
4742,3643,establishment; founding; incorporation (of a business),EN
4743,3644,efficiency; efficacy; performance; utility factor,EN
4744,3645,compilation (of a text); editing,EN
4745,3645,volume (of a text),EN
4746,3646,calamity; disaster; misfortune,EN
4747,3647,estimate; estimation; valuation; quotation,EN
4748,3648,solid body; three-dimensional object,EN
4749,3648,multi-storey car park,EN
4750,3649,statement; remark; observation; utterance; speech; proposal,EN
4751,3650,human body,EN
4752,3651,fishing; angling,EN
4753,3651,change (e.g. for a purchase),EN
4754,3652,market price,EN
4755,3652,speculation (e.g. on stocks),EN
4756,3653,distribution,EN
4757,3654,technical skill; ability; capacity,EN
4758,3655,ceiling; ceiling price,EN
4759,3656,seat,EN
4760,3656,sheet,EN
4761,3657,violence; mayhem,EN
4762,3658,art; fine arts,EN
4763,3659,evenness; uniformity; monotony; equality,EN
4764,3660,side; edge; beside; besides; nearby,EN
4765,3660,while (doing); in addition to; at the same time,EN
4766,3661,preamble; premise; reason; prerequisite; condition; assumption; hypothesis; given,EN
4767,3662,general idea; concept; notion,EN
4768,3663,touch; contact,EN
4769,3664,principle; general rule,EN
4770,3665,democracy; popular sovereignty,EN
4771,3665,democratic,EN
4772,3666,transportation,EN
4773,3667,preceding; going first; leading; going ahead; taking priority,EN
4774,3668,cut; cutting,EN
4775,3668,haircut,EN
4776,3669,good fortune,EN
4777,3670,welfare; well-being; social welfare; social security; social service,EN
4778,3671,equipment,EN
4779,3672,dispatch; despatch; deployment,EN
4780,3672,temporary employee (esp. from an agency); temporary worker; agency temp,EN
4781,3673,natural; reasonable; obvious,EN
4782,3673,usual; common; ordinary; commonplace; the norm,EN
4783,3674,funds; capital,EN
4784,3675,work; book,EN
4785,3676,technique; method,EN
4786,3677,revival (e.g. musical); come-back,EN
4787,3677,restoration; rebirth; resurrection,EN
4788,3678,reference; bibliographical reference; consultation; browsing (e.g. when selecting a file to upload on a computer); checking out,EN
4789,3679,surprise; astonishment; wonder,EN
4790,3680,"application; subscription; entry (competition, raffle, etc.); enlistment",EN
4791,3681,victory; triumph; conquest; success; win,EN
4792,3682,fellow; mutual; companion; comrade,EN
4793,3683,document; writing; letter; paperwork; note; records; archives,EN
4794,3683,document addressed to someone in particular (jargon used in paleography),EN
4795,3684,new building; new construction,EN
4796,3685,staff member; personnel,EN
4797,3686,one face; one surface,EN
4798,3686,the whole surface,EN
4799,3687,Japanese style,EN
4800,3687,light wind; moderate breeze,EN
4801,3688,up to now; so far,EN
4802,3689,subject; theme; issue; matter,EN
4803,3689,homework; assignment,EN
4804,3690,indication; instruction; designation; directions,EN
4805,3691,circulation of money or goods; flow of water or air; distribution,EN
4806,3691,negotiable (e.g. shares),EN
4807,3692,enactment; establishment; creation,EN
4808,3693,maintenance,EN
4809,3693,conservatism; conservativeness; conservation,EN
4810,3694,before; earlier than; first; ahead; beyond; away; previously; recently,EN
4811,3695,news coverage; collecting data (e.g. for an article); covering (something for media),EN
4812,3695,interview,EN
4813,3696,achievement,EN
4814,3697,illness,EN
4815,3698,propulsion; drive,EN
4816,3698,promotion (e.g. of a government policy); furtherance; implementation,EN
4817,3699,crisis; danger; risk,EN
4818,3700,feelings; emotion; sentiment,EN
4819,3700,compassion; sympathy,EN
4820,3701,decrease; reduction; decline,EN
4821,3702,conference; consultation; discussion; negotiation,EN
4822,3703,form; shape; figure,EN
4823,3704,obligation; coercion; compulsion; enforcement,EN
4824,3705,superior (in rank); top; ranking,EN
4825,3705,higher order (e.g. byte),EN
4826,3706,acquisition; obtaining; coming to hand,EN
4827,3707,data; datum,EN
4828,3708,numerator,EN
4829,3708,molecule,EN
4830,3709,service; duty; work,EN
4831,3710,retirement (from office); resignation,EN
4832,3711,minority; few,EN
4833,3712,main constituent; core; nucleus,EN
4834,3712,subject (philosophical); protagonist,EN
4835,3713,change; fluctuation,EN
4836,3714,interview; audience,EN
4837,3715,feeling; sensation; mood,EN
4838,3716,guide; tour guide; conductor; guiding; leading,EN
4839,3717,administration of justice,EN
4840,3718,property; fortune; means; assets,EN
4841,3719,reception; acceptance; enjoyment; being given,EN
4842,3720,residence,EN
4843,3721,election,EN
4844,3722,tactics; strategy,EN
4845,3722,military or naval operations,EN
4846,3723,aluminum (Al); aluminium,EN
4847,3724,influential; prominent,EN
4848,3724,strong; likely; plausible; potent,EN
4849,3725,structure; construction; arrangement; contrivance; mechanism; workings,EN
4850,3725,plan; plot; contrivance,EN
4851,3726,riches; wealth; fortune,EN
4852,3726,resources,EN
4853,3727,military affairs,EN
4854,3728,colour; color; hue; tints,EN
4855,3729,"performance (e.g. music, theatre, opera); staging",EN
4856,3730,fear; horror; anxiety; concern; uneasiness,EN
4857,3731,regulation; (traffic) policing; control; restriction,EN
4858,3732,settlement of accounts; closing accounts; financial results; reporting (of accounts),EN
4859,3733,present; current; in operation,EN
4860,3734,each,EN
4861,3734,you (plural),EN
4862,3735,status; position; rank,EN
4863,3735,method; way; style,EN
4864,3736,(passenger) fare,EN
4865,3736,freight rates; shipping expenses,EN
4866,3737,declaration; proclamation; announcement,EN
4867,3738,double suicide; lovers suicide,EN
4868,3739,rearing; training; nurture; cultivation; promotion,EN
4869,3740,monitoring; watching; observation; surveillance; guarding; inspection,EN
4870,3741,throwing into; inserting; depositing,EN
4871,3741,"investment; putting in (personnel, etc.)",EN
4872,3742,viewpoint; point of view,EN
4873,3742,"way of understanding; way of appreciating; how to look at something (e.g. noh, train schedule)",EN
4874,3743,income; earnings,EN
4875,3744,tradition; legend; folklore,EN
4876,3745,antiquity; ancient times,EN
4877,3746,intention; idea; inclination,EN
4878,3747,online,EN
4879,3748,trend; tendency; movement; attitude,EN
4880,3749,treatment; service,EN
4881,3750,protagonist; main character; hero(ine) (of a story),EN
4882,3750,head of household,EN
4883,3751,rise; increase; ascent,EN
4884,3751,income; proceeds; return; profit; crop yield,EN
4885,3752,orange,EN
4886,3753,capable person; talented person,EN
4887,3753,human resources; personnel,EN
4888,3754,wild; growing wild,EN
4889,3754,I,EN
4890,3755,hit,EN
4891,3755,success,EN
4892,3756,popularity; favorable reputation; favourable reputation,EN
4893,3757,revival; renaissance; reconstruction; restoration,EN
4894,3758,"running a wheeled vehicle (e.g. car); running to program, job, etc.; traveling; travelling",EN
4895,3759,teaching materials,EN
4896,3760,pressure; stress,EN
4897,3760,coercion; arm-twisting,EN
4898,3761,direction; orientation; aspect; situation; exposure; suitability; tendency,EN
4899,3762,stamina; endurance; physical strength; resilience; resistance to disease,EN
4900,3762,"strength of an organization (e.g. profitability, productivity, economic clout, stability, growth potential)",EN
4901,3763,doubt; misgivings; distrust; suspicion,EN
4902,3764,sensitivity; sensibility; susceptibility; sensitive (to); well attuned to,EN
4903,3765,judging; inspection; examination; investigation; review,EN
4904,3766,advance (into a new market or stage of progress); launching (a new career or venture); expanding (into a new market); stepping forward; emerging,EN
4905,3767,truth; reality,EN
4906,3767,sincerity; honesty; fidelity,EN
4907,3768,sponsorship (i.e. conducting under one's auspices); promotion; organizing; organising; hosting; staging,EN
4908,3769,"tail (animal, kite, comet, etc.); tail end",EN
4909,3769,slope at the foot of a mountain,EN
4910,3770,negotiations; discussions,EN
4911,3770,connection,EN
4912,3771,justice; right; righteousness; correct meaning,EN
4913,3772,influence; power; might; strength; potency; force; energy,EN
4914,3773,dozen,EN
4915,3774,official recognition; authorization; authorisation; licence; license; accreditation,EN
4916,3775,intervention,EN
4917,3776,(suffer) deterioration; growing worse; aggravation; degeneration; corruption,EN
4918,3777,simplicity; convenience; easiness; quasi-,EN
4919,3778,10 minutes,EN
4920,3779,independence; self-reliance,EN
4921,3780,collection; recovery; withdrawal; retrieval,EN
4922,3781,superior authorities; boss,EN
4923,3782,theory,EN
4924,3783,intellectual,EN
4925,3784,receiving; acceptance; reception,EN
4926,3785,arms; armament,EN
4927,3786,gathering up; collection; accumulation,EN
4928,3787,freely; at will,EN
4929,3788,agreement; consent; mutual understanding; accord,EN
4930,3789,murder,EN
4931,3790,seriousness; earnestness; truth; sanctity,EN
4932,3791,decision of a contest; finals (in sports),EN
4933,3792,being elected,EN
4934,3792,"being selected (to win a prize, etc.)",EN
4935,3793,tariff (import tax); duty; customs,EN
4936,3794,opinion; point of view; viewpoint; visual point,EN
4937,3795,emigration; immigration,EN
4938,3795,emigrant; immigrant,EN
4939,3796,will; intention; motive,EN
4940,3797,departure; departing (from ...); departing (at time ...),EN
4941,3797,sending; sent (by ...); sent (at ...),EN
4942,3798,general meeting,EN
4943,3799,legislation; lawmaking,EN
4944,3800,nursing; (army) nurse,EN
4945,3801,organic,EN
4946,3802,financial affairs; public finance,EN
4947,3803,fibre; fiber; textile,EN
4948,3804,integration; unification; synthesis,EN
4949,3805,nursing; nurturing; rearing; lactation; suckling,EN
4950,3806,true state; actual condition; reality,EN
4951,3807,original work,EN
4952,3808,(political) administration; political power,EN
4953,3809,defense; defence; protection; self-defense; self-defence,EN
4954,3810,rising; ascending; climbing,EN
4955,3811,unobstructed view; perspective; visibility; vista,EN
4956,3811,forecast; outlook; prospect; prediction,EN
4957,3812,technique; art; skill,EN
4958,3813,judgement; judgment; decision; adjudication; award; verdict; determination,EN
4959,3814,separation; partition; detachment; segregation; isolation; decollation,EN
4960,3815,outdoors; outside; open air,EN
4961,3815,fields; outskirts; suburbs,EN
4962,3816,sake cup; cup for alcoholic beverages,EN
4963,3817,judicial decision; judgement; judgment; sentence; decree,EN
4964,3818,fuel,EN
4965,3819,relief; rescue; reinforcement,EN
4966,3820,(private) secretary,EN
4967,3820,treasured book; secret book,EN
4968,3821,frame; framework,EN
4969,3821,border; box,EN
4970,3822,battle; fight; combat,EN
4971,3823,vest,EN
4972,3824,relay; hook-up,EN
4973,3824,relay broadcasting,EN
4974,3825,national defence; national defense,EN
4975,3826,view; outlook; prospect,EN
4976,3827,invalid; no effect; unavailable; illegal,EN
4977,3828,joint together; opposite; facing,EN
4978,3829,open,EN
4979,3830,country; territory; domain; realm,EN
4980,3831,area; domain; territory; field; range; region; regime,EN
4981,3832,mission; errand; message,EN
4982,3833,fan,EN
4983,3833,fun,EN
4984,3834,control; restraint; suppression; constraint; curtailment; inhibition; check; curb,EN
4985,3835,(sudden) change; reversal; turn-around; coming from behind (baseball),EN
4986,3836,state of things; state of affairs; condition; situation; circumstances,EN
4987,3837,hope; promise; possibility; chance; probability; likelihood,EN
4988,3837,expectation; anticipation; forecast; estimate,EN
4989,3838,vote; ballot,EN
4990,3838,label; ticket; tag; stub,EN
4991,3839,heaven and earth; the universe; nature; top and bottom; realm; sphere; world,EN
4992,3839,top and bottom,EN
4993,3840,injustice; impropriety; unreasonableness; undeserved; unfair; invalid,EN
4994,3841,secretary (government); director; chief,EN
4995,3842,promotion; acceleration; encouragement; facilitation; spurring on,EN
4996,3843,evolution; progress,EN
4997,3844,real name,EN
4998,3845,way of moving one's arms; skill,EN
4999,3846,creation,EN
5000,3847,bill (law); measure,EN
5001,3848,United Nations; UN,EN
5002,3849,arrangement; pact; agreement,EN
5003,3850,decision; determination; resolution,EN
5004,3851,employment (long term); hire,EN
5005,3852,delay; lag; postponement; falling behind,EN
5006,3853,mark; symbol; insignia; logo,EN
5007,3853,paying attention to; focusing on; watching; guarding,EN
5008,3854,roll (e.g. of cloth),EN
5009,3854,winding,EN
5010,3855,retail,EN
5011,3856,break in the deadlock,EN
5012,3857,public (institution),EN
5013,3858,destruction; disruption,EN
5014,3858,(application) crash,EN
5015,3859,series; chain; sequence,EN
5016,3859,two reams (i.e. 1000 sheets of paper),EN
5017,3860,side; flank; aspect; dimension; profile; sidelight; lateral,EN
5018,3861,score; points made; marks obtained; runs,EN
5019,3862,league; federation; union; alliance,EN
5020,3863,easy; simple; informal; offhand; cheap,EN
5021,3864,duty; function; office; mission; task,EN
5022,3865,deficit; (being in or going into) the red,EN
5023,3865,red text; red letters,EN
5024,3866,formation; combination,EN
5025,3867,switching over to; migration; transition,EN
5026,3868,improvement; reform,EN
5027,3869,arms; weapons; ordnance,EN
5028,3870,promotion; encouragement,EN
5029,3871,substance; essence,EN
5030,3872,truth; reality,EN
5031,3873,treaty; pact,EN
5032,3874,confrontation; showdown,EN
5033,3875,resolution; vote; decision,EN
5034,3876,union; unity; solidarity,EN
5035,3876,bundling; binding; tying,EN
5036,3877,search (esp. in criminal investigations); investigation; inquiry; enquiry,EN
5037,3878,garden (esp. man-made); orchard; park; plantation,EN
5038,3878,place; location,EN
5039,3879,conception; pregnancy,EN
5040,3880,not yet fixed; undecided; pending,EN
5041,3881,engineering works; civil engineering; public works,EN
5042,3882,dialogue; discussion; conversation; interaction,EN
5043,3883,plan; plot; idea; conception,EN
5044,3884,most; best; above all,EN
5045,3885,day and night; always,EN
5046,3886,independence; singleness; singularity,EN
5047,3887,pointing out; identification,EN
5048,3888,ratio; proportion; percentage,EN
5049,3889,financing; loan,EN
5050,3890,management; (executive) staff; leaders; leadership; top brass; upper echelons,EN
5051,3891,public order,EN
5052,3892,blank form,EN
5053,3892,sheets of paper; sheet of paper,EN
5054,3893,normally; habitually,EN
5055,3894,"revision (of a rule, price, etc.); reform; alteration; change",EN
5056,3895,composite; combined; complex,EN
5057,3896,anger; rage; fury; wrath; indignation,EN
5058,3897,Foreign Minister,EN
5059,3898,real intention; motive; true opinion; what one really thinks,EN
5060,3899,mystery; mysteriousness; secret,EN
5061,3900,establishment; settlement,EN
5062,3901,like-mindedness; (being of the) same mind; shared sentiment,EN
5063,3901,comrade; fellow; kindred soul,EN
5064,3902,inspection; reading,EN
5065,3902,"browsing (the WWW, Internet); web browsing",EN
5066,3903,release; emission; ejection,EN
5067,3904,selection; screening,EN
5068,3905,strife; riot; rebellion; turmoil,EN
5069,3905,(media) uproar; brouhaha; (public) outcry; scandal; controversy,EN
5070,3906,career,EN
5071,3906,"carrier (disease, signal, warship, etc.)",EN
5072,3907,engineering,EN
5073,3908,bold; daring; audacious,EN
5074,3909,just; justifiable; right; due; proper; equitable; reasonable; legitimate; legal; lawful,EN
5075,3910,quick; fast; rapid; swift; prompt; streamlined; expedited; expeditious,EN
5076,3911,armed might; military power; the sword; force,EN
5077,3912,discussion; conference,EN
5078,3913,cooperation; tie-up; joint business; link-up; sponsorship,EN
5079,3914,diagnosis and treatment; medical care,EN
5080,3915,restraint; sanctions; punishment,EN
5081,3916,health; soundness; wholesome,EN
5082,3917,field of vision; outlook,EN
5083,3918,opposition party; political opposition; opposition,EN
5084,3919,will; desire; ambition; urge (e.g. creative urge),EN
5085,3920,acquaintance,EN
5086,3921,vigor; vigour; active; lively,EN
5087,3922,(political) power; authority; influence,EN
5088,3923,reduction; resolution; deoxidization; deoxidation,EN
5089,3923,restoration; return,EN
5090,3924,reform; innovation,EN
5091,3925,abatement; reduction,EN
5092,3926,cooperation; conciliation; harmony,EN
5093,3926,firm (market) tone,EN
5094,3927,"exclusion; removal; rejection; elimination; abatement; lifting (sanctions, etc.)",EN
5095,3928,cut; reduction; curtailment,EN
5096,3929,base,EN
5097,3929,bass,EN
5098,3930,precise; exact; detailed; minute; close,EN
5099,3931,decision; determination,EN
5100,3932,delivering; handing over; furnishing (e.g. with copies); issuance; issuing,EN
5101,3933,trust; confidence; credence,EN
5102,3934,public opinion,EN
5103,3935,blow; shock; strike; damage,EN
5104,3935,batting,EN
5105,3936,soldier,EN
5106,3937,characteristic (of); peculiar (to),EN
5107,3938,fate; destiny; lot,EN
5108,3939,pillar; post,EN
5109,3939,support; prop; mainstay,EN
5110,3940,dominion; territory; possession,EN
5111,3941,consideration; concern; forethought,EN
5112,3942,I; me,EN
5113,3943,scattering; diffusion; spread (e.g. signal across the spectrum),EN
5114,3944,pit (of a fruit); stone,EN
5115,3944,core,EN
5116,3945,achievement; performance; results; work; contribution,EN
5117,3946,multi-use; combined use; combination; serving two purposes,EN
5118,3947,conversion; diversion; changeover; commutation; switchover,EN
5119,3948,blood vessel; vein,EN
5120,3949,employee; worker,EN
5121,3950,evidence; proof,EN
5122,3951,drainage,EN
5123,3952,favourable; favorable; promising; satisfactory; in good shape,EN
5124,3953,conversation; conference (usu. between important people); discussion; interview,EN
5125,3954,crude oil,EN
5126,3955,adult age; majority,EN
5127,3956,republican; cooperative,EN
5128,3957,old people; the aged,EN
5129,3957,trustee of the Japan Sumo Association; retired high-ranking wrestler who is licensed to coach and receives retirement pay,EN
5130,3958,treatment; reception,EN
5131,3958,remuneration; salary; payment; compensation package,EN
5132,3959,gentleman,EN
5133,3960,main cause; primary factor,EN
5134,3961,neutrality,EN
5135,3962,retirement age,EN
5136,3962,years of service in a military rank before eligibility for promotion,EN
5137,3963,starting; inauguration; launch; founding; establishment; start-up,EN
5138,3964,origin (coordinates); starting point,EN
5139,3965,deliberation,EN
5140,3966,tide; current,EN
5141,3966,salt water,EN
5142,3967,dispute; strife; quarrel; dissension; conflict; rivalry; contest,EN
5143,3968,maturity; ripeness,EN
5144,3969,genius; prodigy; natural gift,EN
5145,3970,"one long straight object (e.g. strand of hair, beam of light, wisp of smoke)",EN
5146,3970,a single bloodline,EN
5147,3971,alliance; union; league,EN
5148,3972,flexible; lithe; soft; pliable,EN
5149,3973,definition,EN
5150,3974,assistance; help; aid; support; reinforcement,EN
5151,3975,all-purpose; utility,EN
5152,3975,almighty; omnipotent,EN
5153,3976,repayment; reimbursement; refund; redemption,EN
5154,3977,milk,EN
5155,3977,breast,EN
5156,3978,ornament,EN
5157,3979,passenger (transport),EN
5158,3980,appeal; call for something; request; claim; demand,EN
5159,3980,axiom,EN
5160,3981,middle; centre; center; mid-way,EN
5161,3982,inspection; examination; checking,EN
5162,3983,all people; everybody,EN
5163,3983,ten thousand people,EN
5164,3984,male (animal),EN
5165,3985,walking,EN
5166,3985,progress; advance,EN
5167,3986,report; statement; filing a return; notification,EN
5168,3987,personality; character; individuality,EN
5169,3988,compensation; reparation,EN
5170,3989,expenses; cost; outlay,EN
5171,3990,reappearance; reproduction; return; revival,EN
5172,3991,publication; issue,EN
5173,3992,taking refuge; finding shelter; evacuation; escape,EN
5174,3993,totalization; totalisation; aggregation; tally (e.g. votes),EN
5175,3994,death penalty; capital punishment,EN
5176,3995,bathroom; bath,EN
5177,3996,when; how soon,EN
5178,3997,back; rear,EN
5179,3997,background; behind the scenes,EN
5180,3998,intention; aim; preference (for),EN
5181,3999,essence; true nature; substance; reality,EN
5182,4000,teacher; instructor; teaching staff; faculty member,EN
5183,4001,leadership; initiative; spearhead,EN
5184,4002,commonwealth; federation of states; confederation; union,EN
5185,4003,ruling party; government party; party in power; government,EN
5186,4004,cabinet; (government) ministry,EN
5187,4005,confrontation,EN
5188,4006,war potential,EN
5189,4007,all day; for a whole day,EN
5190,4008,point of view,EN
5191,4009,persuasion,EN
5192,4010,topic of discussion; agenda,EN
5193,4011,qualitative difference; disparity,EN
5194,4012,combination; union; amalgamation; consolidation; merger; coalition; fusion; annexation; affiliation; incorporation,EN
5195,4013,weather; climate,EN
5196,4013,disposition; temperament,EN
5197,4014,every day; prolonged,EN
5198,4015,bleeding; haemorrhage; hemorrhage,EN
5199,4015,bleeding money; red ink; selling below cost,EN
5200,4016,monopoly; monopolization,EN
5201,4016,hogging; keeping to oneself,EN
5202,4017,cell,EN
5203,4018,motive; incentive,EN
5204,4018,motif,EN
5205,4019,intention; aim; design,EN
5206,4020,sky; the skies; high-altitude sky; upper air,EN
5207,4021,cannabis (Cannabis sativa); hemp (plant),EN
5208,4021,hemp (fiber); linen; flax; jute,EN
5209,4022,execution; enforcing; carrying out,EN
5210,4022,giving alms; giving food to the poor or monks,EN
5211,4023,patent; special permission; licence (license); concession; franchise; charter,EN
5212,4023,proprietary,EN
5213,4024,aim; object; purpose; end,EN
5214,4024,expectations; prospects; hopes,EN
5215,4025,honor; honour; credit; prestige,EN
5216,4026,discussion; argument; debate,EN
5217,4027,chug!; drink! (said repeatedly as a party cheer),EN
5218,4028,goods; materials,EN
5219,4029,evidence; testimony,EN
5220,4030,denial; veto; rejection; refusal,EN
5221,4031,balance (figure) in the black,EN
5222,4032,loss (e.g. assets or profits),EN
5223,4033,procurement; purchase; buying,EN
5224,4033,school store; co-op; school canteen; tuck shop,EN
5225,4034,vigilance; precaution; watch; lookout; alertness,EN
5226,4035,dullness; depression; slump; stagnation,EN
5227,4036,the text; original,EN
5228,4037,power; authority; jurisdiction,EN
5229,4038,tableland; plateau,EN
5230,4039,ultimate; extreme; final; eventual,EN
5231,4040,recession; depression; slump,EN
5232,4041,progress; development,EN
5233,4042,in the street,EN
5234,4043,protest; objection,EN
5235,4044,order; discipline; regularity; system; method,EN
5236,4045,oxidation; oxidization,EN
5237,4046,occasion; time,EN
5238,4046,section (of a literary work); paragraph; verse; stanza; passage,EN
5239,4047,attack; offence; offense,EN
5240,4047,dominant partner of a homosexual relationship,EN
5241,4048,rebuilding; reconstruction; rehabilitation,EN
5242,4048,protoform reconstruction,EN
5243,4049,oscillation; vibration,EN
5244,4050,real condition; actual circumstances; actual state of affairs,EN
5245,4051,abolition; repeal,EN
5246,4052,diplomatic relations,EN
5247,4053,immediate; prompt; quick; rapid; urgent; pressing,EN
5248,4054,relief; mitigation; alleviation; relaxation; softening,EN
5249,4055,command; direction,EN
5250,4056,household; home; family; housekeeping,EN
5251,4057,disposal; abandonment; scrapping; discarding; abolition,EN
5252,4057,annulment; cancellation; abrogation; repeal,EN
5253,4058,etc.; otherwise; besides; in addition; the rest; the others; and so forth,EN
5254,4059,attitude; posture; preparedness; readiness,EN
5255,4060,density,EN
5256,4061,opposition; antagonism,EN
5257,4062,law; jurisprudence,EN
5258,4063,minute,EN
5259,4063,"fun (one tenth of a monme, 5.787 grains)",EN
5260,4064,training; development,EN
5261,4065,pure; undiluted; raw; crude,EN
5262,4066,"gathering (esp. Buddhist, festive, etc.)",EN
5263,4067,script; screenplay; scenario,EN
5264,4068,mark; target,EN
5265,4069,"the last (i.e. immediately preceding) (e.g. ""the last mayor""); previous; one-time; former",EN
5266,4069,"pre- (e.g. ""premodern"")",EN
5267,4070,paradise; heaven; Kingdom of Heaven,EN
5268,4071,winning a prize or place (in a contest),EN
5269,4072,head; leader; leading spirit,EN
5270,4072,important part,EN
5271,4073,distribution; allotment,EN
5272,4074,head; chief; leader; elder,EN
5273,4074,the greatest of all; the most excellent,EN
5274,4075,substitution,EN
5275,4075,material,EN
5276,4076,good prospects; full of hope; promising,EN
5277,4077,I; me,EN
5278,4078,department (in an organization); division; bureau,EN
5279,4078,club,EN
5280,4079,poor; needy,EN
5281,4079,lacking; meagre; meager,EN
5282,4080,income and expenditure,EN
5283,4081,literary work; book,EN
5284,4082,shrine (usually Shinto),EN
5285,4083,logic,EN
5286,4084,deposit; bank account,EN
5287,4085,lapse of memory; forgetting for a moment something one knows well; (something) slipping one's mind; brain fart,EN
5288,4086,new; neo-,EN
5289,4086,Gregorian calendar,EN
5290,4087,continuation; persisting; lasting; sustaining; enduring,EN
5291,4088,attempt; trial; experiment,EN
5292,4088,endeavour (endeavor); effort; venture; initiative,EN
5293,4089,salary; pay; compensation; allowance (e.g. housing allowance); benefit; bonus,EN
5294,4089,medical care; treatment,EN
5295,4090,extreme; extremity,EN
5296,4091,corner,EN
5297,4091,"segment (within a radio or TV program); session; column (newspaper, etc.)",EN
5298,4092,clothes; clothing; garments,EN
5299,4093,highway (esp. one existing from the Edo period); main road,EN
5300,4093,highway (e.g. to success); path (to becoming ...),EN
5301,4094,perhaps; almost all; majority,EN
5302,4095,tactics,EN
5303,4096,individual; one by one; separate,EN
5304,4097,face,EN
5305,4097,surface,EN
5306,4098,split; division; break up,EN
5307,4099,defense; defence,EN
5308,4100,loom,EN
5309,4101,consecutive holidays,EN
5310,4102,rule; reign; government; governing,EN
5311,4103,passion; enthusiasm; zeal,EN
5312,4104,measure; measures; step,EN
5313,4105,not yet known; unknown; strange,EN
5314,4106,sum,EN
5315,4106,harmony; peace,EN
5316,4107,appearance; exterior; facade,EN
5317,4108,memory; sense; experience,EN
5318,4109,question,EN
5319,4109,interpellation,EN
5320,4110,charge; duty; person in charge; official; clerk,EN
5321,4110,connection; linking,EN
5322,4111,sympathy; empathy; response,EN
5323,4112,earnings; proceeds; returns; revenue,EN
5324,4113,knowledge; understanding,EN
5325,4113,rules; regulations; guideline; directions,EN
5326,4114,basis; foundation,EN
5327,4115,foreign; imported,EN
5328,4115,outpatient; outpatient care; outpatient clinic; outpatient ward,EN
5329,4116,ordinal,EN
5330,4117,deal with; cope,EN
5331,4118,(bank) balance; remainder,EN
5332,4119,description; descriptor,EN
5333,4120,self; the ego,EN
5334,4121,finish; end; completion,EN
5335,4122,someone smartly dressed,EN
5336,4123,symbol,EN
5337,4124,kind (of goods); brand,EN
5338,4124,(taxonomical) form,EN
5339,4125,route; course,EN
5340,4125,"career, university choices; course (of future life)",EN
5341,4126,witness,EN
5342,4127,participation; taking part in; participating in; being concerned in,EN
5343,4128,dispersion; breakup; scattering; decentralization; decentralisation; distribution,EN
5344,4128,variance,EN
5345,4129,showy; brilliant; gorgeous; florid; gay,EN
5346,4130,"historic ruins (remains, relics); archeological site",EN
5347,4131,establishment; founding; organization; organisation,EN
5348,4132,ruler; sovereign,EN
5349,4133,subordinate person,EN
5350,4134,dependence; dependent; reliance,EN
5351,4135,sense; idea; thought; feeling,EN
5352,4135,desire; concern,EN
5353,4136,-store; -shop,EN
5354,4137,truth,EN
5355,4138,professional duties,EN
5356,4139,"front (aspect, weather, war-front, etc.)",EN
5357,4139,"reception (hotel, etc.); front desk",EN
5358,4140,"provision of lunch (e.g. at office, school, etc.); providing a meal; lunch service",EN
5359,4141,right (to do something),EN
5360,4141,authority; power,EN
5361,4142,fossil; petrifaction; fossilization; fossilisation,EN
5362,4143,"closing years (period, days); last stage; end stage; end-of-life (care, decision making, etc.)",EN
5363,4143,"terminal (e.g. cancer, disease, etc.); final",EN
5364,4144,communism,EN
5365,4144,Communist Party,EN
5366,4145,consign (goods (for sale) to a firm); entrust (person with something); commit,EN
5367,4146,deadline; closing; cut-off; end,EN
5368,4146,cofferdam,EN
5369,4147,hell,EN
5370,4148,sympathy; compassion; sympathize; sympathise; pity; feel for,EN
5371,4149,room,EN
5372,4149,wife (of someone of high rank),EN
5373,4150,chance; start; cue; excuse; motive; impetus; occasion,EN
5374,4151,attendance (at school); going to school,EN
5375,4152,flavour; flavor,EN
5376,4152,meaning; significance,EN
5377,4153,lawsuit; complaint,EN
5378,4154,all together; batch; one lump; one bundle; summing up,EN
5379,4155,poisoning,EN
5380,4155,addiction,EN
5381,4156,isolation; loneliness; solitude,EN
5382,4157,source of funds; resources; finances,EN
5383,4158,(water-filled) paddy field,EN
5384,4159,grasp; catch; understanding,EN
5385,4160,practice; practising; putting into practice; implementation,EN
5386,4161,bureaucrat; bureaucracy,EN
5387,4162,inspection; observation,EN
5388,4163,(one's) speech; expression of views; discussion,EN
5389,4164,(corporate) bankruptcy; insolvency; commercial failure; failed business,EN
5390,4165,troupe; theatrical company,EN
5391,4166,general public; the masses,EN
5392,4167,harmony; accord; reconciliation; agreement,EN
5393,4168,criticism; blame; censure; attack; reproach,EN
5394,4169,sovereignty; supremacy; dominion,EN
5395,4170,"that (indicating an item or person near the listener, the action of the listener, or something on their mind); it",EN
5396,4170,that time; then,EN
5397,4171,escape; break-out,EN
5398,4171,prolapse; proptosis,EN
5399,4172,fat; grease; blubber,EN
5400,4173,main building,EN
5401,4174,low rank; subordinate; lower order (e.g. byte); low-end,EN
5402,4175,race,EN
5403,4175,lace,EN
5404,4176,remuneration; recompense; reward; toll,EN
5405,4177,junior college; vocationally oriented two or three year post-secondary education institution,EN
5406,4178,strong; intense; severe,EN
5407,4179,class; order; rank,EN
5408,4180,excitement; stimulation; agitation; arousal,EN
5409,4181,device; contrivance; mechanism; gadget,EN
5410,4181,trick; trap; calculated manipulation; gambit,EN
5411,4182,change; transformation; innovation; reform; revolution; revolutionizing; upheaval,EN
5412,4182,Reformation,EN
5413,4183,retreat,EN
5414,4183,backspace; BS,EN
5415,4184,place; room; margin; scope,EN
5416,4185,circuit (electric),EN
5417,4185,cycle (e.g. Krebs cycle),EN
5418,4186,style; form; pattern,EN
5419,4187,"eighth sign of Chinese zodiac (The Ram, 1pm-3pm, south-southwest, June)",EN
5420,4188,investigation (e.g. into someone's guilt); questioning; pressing; hounding; pinning down,EN
5421,4188,catching up; overtaking,EN
5422,4189,landing; disembarkation; landfall,EN
5423,4190,bomb,EN
5424,4190,"alcohol with liquor added (esp. wine-based shochu highball, also beer with whiskey)",EN
5425,4191,aggression; invasion; raid,EN
5426,4192,social life; social intercourse,EN
5427,4193,accommodation; reception; housing,EN
5428,4193,seating,EN
5429,4194,household economy; family finances,EN
5430,4195,limitation; restriction; condition; constraints,EN
5431,4196,coexistence; living together,EN
5432,4197,academic background,EN
5433,4198,silence,EN
5434,4199,short course; training,EN
5435,4200,interval; break; pause; spare moment,EN
5436,4201,fault; error; mistake,EN
5437,4201,going poorly; being disadvantageous; being unfavorable,EN
5438,4202,interest (bank),EN
5439,4203,compensation; reinforcement,EN
5440,4204,first year (of a specific reign),EN
5441,4205,House of Councillors,EN
5442,4206,sense of sight; vision,EN
5443,4207,resemblance; similarity; analogous; quasi,EN
5444,4208,despair; hopelessness,EN
5445,4209,(going) side-by-side; abreast,EN
5446,4209,concurrent; occurring together; at the same time,EN
5447,4210,time,EN
5448,4210,thyme,EN
5449,4211,evil; wickedness,EN
5450,4212,brain,EN
5451,4212,brains; mind,EN
5452,4213,universal; general; ubiquitous; omnipresent,EN
5453,4214,dispute; trouble; strife,EN
5454,4215,practice; practising,EN
5455,4215,exercises; manoeuvres; maneuvers,EN
5456,4216,lottery; raffle; drawing (of lots),EN
5457,4217,rivers,EN
5458,4218,return; restoration,EN
5459,4219,exile; banishment; eviction; deportation; transportation,EN
5460,4220,possession; owning,EN
5461,4221,self-consciousness; self-awareness,EN
5462,4222,health preservation; recuperation; recreation,EN
5463,4223,home; habitat; center; centre; best place,EN
5464,4223,authentic; genuine,EN
5465,4224,the body; the flesh,EN
5466,4225,assassination,EN
5467,4226,guidance; leading; induction; introduction; incitement; inducement,EN
5468,4227,orders; instructions; directive; command,EN
5469,4228,cultivation,EN
5470,4229,landlord; landowner,EN
5471,4230,return; relapse; reoccurrence,EN
5472,4231,frankness; candour; candor; openheartedness; directness,EN
5473,4232,relief; aid; rescue; salvation; help,EN
5474,4233,echo; reverberation,EN
5475,4233,repercussion; reaction; response; influence,EN
5476,4234,bad condition; not to work out (i.e. a deal); disagreement; break-off; disorder; slump; out of form,EN
5477,4235,national ownership,EN
5478,4236,fraud; swindle; graft; cheating; trick; scam,EN
5479,4237,aspect,EN
5480,4238,litigation; lawsuit,EN
5481,4239,obstruction; check; hindrance; prevention; impediment; interdiction; preemption; blocking,EN
5482,4240,public prosecutor,EN
5483,4241,combination; union; binding; catenation; coupling; joining,EN
5484,4241,bond,EN
5485,4242,door; gate; opening,EN
5486,4242,title page,EN
5487,4243,fund-raising; collection of funds,EN
5488,4244,future prospects; outlook; the journey ahead,EN
5489,4245,sail; voyage,EN
5490,4246,counterattack; counteroffensive; counterblow,EN
5491,4247,cycle; period,EN
5492,4248,decomposition; putrefaction; putrescence; spoilage,EN
5493,4248,corruption; degeneracy; decay; depravity,EN
5494,4249,constellation; star sign; zodiac sign,EN
5495,4250,"section (of track, etc.); segment; dimension",EN
5496,4250,interval,EN
5497,4251,supply; supplying; replenishment,EN
5498,4252,price reduction; discount,EN
5499,4253,calmness; composure; presence of mind,EN
5500,4253,stability; steadiness,EN
5501,4254,bathing,EN
5502,4255,super-; ultra-; hyper-; very; really,EN
5503,4255,over (after a number or counter); more than,EN
5504,4256,manners; customs,EN
5505,4256,sex service; sex industry; sex-oriented entertainment,EN
5506,4257,dispute; resistance,EN
5507,4258,arts and sciences; liberal arts,EN
5508,4259,process; procedure; sequence; protocol; instruction,EN
5509,4260,clothing,EN
5510,4261,fatigue; weariness,EN
5511,4262,first arrival,EN
5512,4263,acid,EN
5513,4263,sourness; sour taste,EN
5514,4264,itemization (of expenses); the items; breakdown; classification,EN
5515,4265,natural features; topography; climate; spiritual features,EN
5516,4266,dentistry,EN
5517,4267,different opinion; objection,EN
5518,4268,establish; create,EN
5519,4269,coexistence,EN
5520,4270,media,EN
5521,4271,boots,EN
5522,4272,desire; appetite; lust,EN
5523,4273,newly-wed,EN
5524,4274,expectant waiting,EN
5525,4275,apportionment; allotment; share,EN
5526,4276,sales; demand,EN
5527,4277,adaptation; accommodation; conformity,EN
5528,4278,confession; acknowledgement; acknowledgment,EN
5529,4278,profession of love,EN
5530,4279,occupation; capture; possession; have a room to oneself,EN
5531,4280,interruption; suspension; break,EN
5532,4281,dissatisfaction; discontent; disapproval; objection; complaint; protest; disagreement,EN
5533,4282,ending; conclusion,EN
5534,4282,join; union; connecting,EN
5535,4283,meaning; point (e.g. of a statement); gist; effect,EN
5536,4283,goal; intent; object; aim; point,EN
5537,4284,difficulty; trouble; hardship,EN
5538,4284,accident; disaster; danger,EN
5539,4285,sink,EN
5540,4286,dictatorship; despotism,EN
5541,4287,normal; usual,EN
5542,4288,appointment; nomination; ordination; commission; designation,EN
5543,4289,attack; charge; raid,EN
5544,4290,magnification; leverage; amplification; scaling factor; scale factor,EN
5545,4290,"acceptance rate; pass rate (of an exam, etc.)",EN
5546,4291,down (opposite of up); becoming lower; being brought down; bringing down,EN
5547,4291,being down (e.g. with a cold) and unable to continue (work),EN
5548,4292,good will; favor; favour; courtesy,EN
5549,4293,believer; adherent; devotee,EN
5550,4294,correction; revision; redressing; rectifying,EN
5551,4295,sailing; marching; going out; dispatch,EN
5552,4296,hostage,EN
5553,4297,beginning; start; outset,EN
5554,4298,leave as is; leave to chance; leave alone; neglect,EN
5555,4299,course; route; path; channel,EN
5556,4299,process; means,EN
5557,4300,axis; shaft; axle,EN
5558,4300,center; centre; focal point; key point,EN
5559,4301,the deceased; the departed,EN
5560,4302,shriek; scream,EN
5561,4303,cultural assets; cultural property,EN
5562,4304,success in life; getting ahead; successful career; promotion; climbing the corporate ladder; eminence,EN
5563,4305,restoration; restitution; rehabilitation,EN
5564,4306,fixed date; settlement date,EN
5565,4307,(social) class; rank; grade,EN
5566,4308,wages,EN
5567,4308,cash payment of rent,EN
5568,4309,shortening; abbreviation; reduction,EN
5569,4310,trees and shrubs; arbour; arbor,EN
5570,4311,details; particulars; whole story; sequence of events; chronology; circumstances; how it started; how things got this way,EN
5571,4311,longitude and latitude,EN
5572,4312,smile,EN
5573,4313,personal history; career,EN
5574,4314,every kind; all sorts,EN
5575,4315,mobilization; mobilisation,EN
5576,4316,farm (agriculture),EN
5577,4317,indispensable; essential,EN
5578,4318,visiting ill or distressed people; writing get-well letters,EN
5579,4318,get-well gifts; get-well letters,EN
5580,4319,compensation; reparations; indemnity; damages,EN
5581,4320,atomic bomb; A-bomb,EN
5582,4321,closing; closure; shutdown; lockout; unsociable,EN
5583,4322,conscience,EN
5584,4323,"abandonment; renunciation; resignation; abdication (responsibility, right)",EN
5585,4324,service; ministry; attendance; church work,EN
5586,4324,offering goods at a reduced price; providing a service for free,EN
5587,4325,reason; reasoning power; (one's) sense,EN
5588,4326,cemetery; graveyard,EN
5589,4327,duration; continuance,EN
5590,4328,rising; developing; emergent,EN
5591,4329,yokozuna (highest rank in sumo); grand champion,EN
5592,4329,best in its field; crème de la crème; cream of the crop,EN
5593,4330,tsunami; tidal wave,EN
5594,4331,employment; starting work,EN
5595,4332,breeding; raising; rearing,EN
5596,4333,superiority; superior power; predominance; preponderance,EN
5597,4334,resignation,EN
5598,4335,beginning and end; from beginning to end; doing a thing from beginning to end,EN
5599,4336,public corporation,EN
5600,4336,public housing,EN
5601,4337,porcelain (esp. soft-paste porcelain); china; chinaware; earthenware; pottery; ceramics; crockery,EN
5602,4338,life and death,EN
5603,4338,samsara (cycle of death and rebirth),EN
5604,4339,coaching school; cramming school; juku,EN
5605,4340,defeat; losing a war,EN
5606,4341,defense; defence; pleading; advocacy,EN
5607,4342,Imperial Palace (of Japan); imperial residence,EN
5608,4343,radioactivity,EN
5609,4344,sunny place; in the sun,EN
5610,4345,compromise; giving in,EN
5611,4346,reflection; reverberation,EN
5612,4346,reflex; reflexes,EN
5613,4347,origin; beginning; rise,EN
5614,4348,change (personnel); transfer; reshuffle,EN
5615,4349,signature; signing; sealing,EN
5616,4350,"chorus, choir; singing in a chorus; singing along, singing together",EN
5617,4351,specific gravity; weight; part,EN
5618,4351,relative weight; relative importance,EN
5619,4352,agricultural land; farmland,EN
5620,4353,solidarity; collective,EN
5621,4354,carbon (C),EN
5622,4355,genre,EN
5623,4356,debt; liabilities,EN
5624,4357,phenomenon,EN
5625,4358,treatment; measure; step,EN
5626,4359,palace,EN
5627,4360,migration; immigration,EN
5628,4361,elasticity; flexibility,EN
5629,4362,augment; reinforce; increase,EN
5630,4363,launching (e.g. newspaper); first issue,EN
5631,4364,top and bottom; up and down; high and low; above and below; upper and lower ends,EN
5632,4364,upside-down,EN
5633,4365,penalty; sentence; punishment,EN
5634,4366,victim; sacrifice; scapegoat,EN
5635,4367,arrangement; preparations,EN
5636,4367,search (by police),EN
5637,4368,predominance; ascendancy; superiority,EN
5638,4369,humanity; empathy; kindness; sympathy,EN
5639,4369,human nature; common sense; customs and manners,EN
5640,4370,vacancy; room for rent or lease,EN
5641,4371,sincere; honest; faithful,EN
5642,4372,authority; power; influence,EN
5643,4373,atom,EN
5644,4374,meeting (face-to-face); interview,EN
5645,4375,forgery; falsification; fabrication; counterfeiting,EN
5646,4376,country; rural districts,EN
5647,4376,cultivated land; fields,EN
5648,4377,complete change; about-face,EN
5649,4378,regulation; control,EN
5650,4379,foreign currency; foreign money; foreign exchange,EN
5651,4379,foreign goods; imported goods,EN
5652,4380,book review,EN
5653,4381,starting point; origin,EN
5654,4382,spirit; character; trait; temperament; turn of mind; disposition,EN
5655,4383,register of names; list of names; roll; register,EN
5656,4384,isolation; being alone; being friendless,EN
5657,4385,chase; pursuit; tracking; stalking,EN
5658,4385,following up; tracing,EN
5659,4386,advice; counsel; remonstrance; recommendation,EN
5660,4387,restriction; restraint; binding; constraint,EN
5661,4388,assertion; declaration; affirmation,EN
5662,4389,interview; meeting,EN
5663,4389,"opposing (traffic, etc.); facing; confronting",EN
5664,4390,wish; desire; ambition,EN
5665,4391,consent; acquiescence; agreement,EN
5666,4392,company; lot; bunch; gang; pack; those guys; group,EN
5667,4392,troupe; company (of musicians),EN
5668,4393,start of (construction) work,EN
5669,4394,body; object,EN
5670,4395,feeling keenly; fully realizing,EN
5671,4396,appearance; air; condition; state; form,EN
5672,4397,conviction; belief; confidence,EN
5673,4398,fit; spasm; attack; seizure,EN
5674,4399,remittance; sending money,EN
5675,4400,related; connected; close; intimate,EN
5676,4401,fall; drop; come down,EN
5677,4402,fixed date; appointed day,EN
5678,4403,objectivity; objective; object (philosophical),EN
5679,4404,all present; all concerned; all of us,EN
5680,4405,search (esp. for someone or something missing); investigation,EN
5681,4406,vote; roll call,EN
5682,4407,more; increase; extra,EN
5683,4408,"correct; right; correct interpretation (answer, solution)",EN
5684,4409,depiction; description; portrayal,EN
5685,4410,government office; agency; board,EN
5686,4411,terrain; geographical features; topography,EN
5687,4412,armaments; military preparations,EN
5688,4413,promotion; advancement; rising in rank,EN
5689,4414,stubbornness; obstinacy; willpower; pride,EN
5690,4414,disposition; nature,EN
5691,4415,subject; curriculum,EN
5692,4416,destructive blast; explosion; blow up,EN
5693,4417,lawn; sod; turf,EN
5694,4418,march; parade,EN
5695,4419,coast; shore; littoral,EN
5696,4420,specialty; special product,EN
5697,4421,heavenly body; celestial body; astronomical object,EN
5698,4422,"this (indicating an item near the speaker, the action of the speaker, or the current topic)",EN
5699,4422,this person (usu. indicating someone in one's in-group),EN
5700,4423,chemical element,EN
5701,4424,arrow,EN
5702,4424,wedge; chock,EN
5703,4425,foundation; base; basis,EN
5704,4426,new,EN
5705,4426,newly purchased item,EN
5706,4427,theory; reason,EN
5707,4428,orbit; trajectory,EN
5708,4428,railroad track,EN
5709,4429,excavation; exhumation,EN
5710,4429,discovery (e.g. new talent),EN
5711,4430,lesson; precept; moral instruction,EN
5712,4431,interest (bank),EN
5713,4432,landing; alighting; touch down,EN
5714,4433,resolution; decision; vote,EN
5715,4434,copybook,EN
5716,4434,model; pattern,EN
5717,4435,fishing boat,EN
5718,4436,mountains,EN
5719,4437,good quality; fine quality; superior quality; high quality,EN
5720,4438,secession; retirement; withdrawal (e.g. from a lawsuit),EN
5721,4439,subtraction; deduction (e.g. tax); subsidy,EN
5722,4440,public appeal (e.g. for contributions); public offering (of securities); public advertisement (of a post); open recruitment; invitation (to compete),EN
5723,4441,ship,EN
5724,4442,useless; futile,EN
5725,4442,unnecessary; needless,EN
5726,4443,tanka; 31-mora Japanese poem,EN
5727,4444,beach; seashore,EN
5728,4444,captured pieces (in the game of go); captured stones,EN
5729,4445,advantage; point in favor; point in favour,EN
5730,4446,archaeology; archeology,EN
5731,4447,exception; exclusion,EN
5732,4448,prospering; prosperity; thriving; flourishing,EN
5733,4449,industrialist; businessman,EN
5734,4450,unmarried,EN
5735,4451,firm; vigorous; unbending; unyielding; strong; stubborn,EN
5736,4452,equality; equal; same rights; same rank; equivalence,EN
5737,4453,talk; dialogue; conversation,EN
5738,4454,outline of the sun (esp. represented as a red circle),EN
5739,4454,the Japanese flag,EN
5740,4455,catalogue; catalog; inventory; index; list,EN
5741,4455,certificate indicating an impending gift,EN
5742,4456,courtroom,EN
5743,4457,essential; fundamental; crucial; vital; main,EN
5744,4458,speed,EN
5745,4459,woodcut; woodblock print; art print,EN
5746,4460,opportunity; chance,EN
5747,4461,"feel (i.e. tactile sensation); touch; feeling; sensation; texture (e.g. food, cloth)",EN
5748,4462,plan; policy,EN
5749,4463,single; simple; sole; individual; unitary,EN
5750,4464,slanting; tilted; sloping; diagonal; oblique,EN
5751,4464,unusual; slanted (view of the world); bad (mood),EN
5752,4465,insurrection; rebellion; revolt; riot; uprising,EN
5753,4466,brilliance; polish; lustre; luster; glossy finish (of photographs),EN
5754,4467,inevitability; necessity,EN
5755,4468,wholesale store,EN
5756,4469,breeding; growth,EN
5757,4470,masses; common people,EN
5758,4471,region; zone; whole place,EN
5759,4472,Mars (planet),EN
5760,4473,birth and growth; giving birth and raising; development; breeding,EN
5761,4474,colony,EN
5762,4475,emotion; feeling,EN
5763,4475,atmosphere; mood; spirit,EN
5764,4476,suburbs; outskirts,EN
5765,4477,urban areas; the streets; town; city,EN
5766,4478,crown (of head); summit (of mountain); spire,EN
5767,4478,easy win for one,EN
5768,4479,personality; character; personal appearance; gentility,EN
5769,4480,script; libretto; scenario,EN
5770,4481,unity; union; combination,EN
5771,4482,one (esp. of two); the other; one way; the other way; one direction; the other direction; one side; the other side; one party; the other party,EN
5772,4483,signs; omen; symptoms,EN
5773,4484,orphan,EN
5774,4485,groundwork; foundation,EN
5775,4485,inclination; aptitude; elementary knowledge of; grounding in,EN
5776,4486,repair; improvement,EN
5777,4487,objection; dissent; protest,EN
5778,4488,advice; suggestion,EN
5779,4489,carefree; comfortable; at ease,EN
5780,4489,easygoing; happy-go-lucky,EN
5781,4490,(tree) trunk; (arrow) shaft; (tool) handle; backbone; base,EN
5782,4491,borrowing; debt; loan,EN
5783,4492,ambition; aspiration; designs; treachery,EN
5784,4493,privilege; special right,EN
5785,4494,staple food,EN
5786,4495,zeal; enthusiasm,EN
5787,4496,noble; aristocrat,EN
5788,4497,difference; disparity; gap,EN
5789,4498,request; favor; favour,EN
5790,4498,reliance; dependence; trust,EN
5791,4499,power; motive power; dynamic force,EN
5792,4499,three-phase electricity,EN
5793,4500,conversion (e.g. yen to dollars); change; exchange; translation (numerical),EN
5794,4501,attention; giving one's attention; focusing,EN
5795,4502,insurrection; mutiny; rebellion; revolt; uprising,EN
5796,4503,exploration; expedition,EN
5797,4504,precedent,EN
5798,4505,work; craftsmanship; tactics; trick,EN
5799,4506,Minister of Finance,EN
5800,4507,job transfer; job relocation; intra-company transfer,EN
5801,4508,compatibility; coexistence; standing together,EN
5802,4509,faithfulness; devotion; loyalty; honesty; truth; fidelity,EN
5803,4510,silence; being silent; quiet; hush,EN
5804,4510,reticence; inaction,EN
5805,4511,overwork; strain,EN
5806,4512,pollen,EN
5807,4513,adoption; selection; choice,EN
5808,4514,alma mater,EN
5809,4515,Ms (nuance of status); Miss; Madame,EN
5810,4515,highbrow (woman); cerebral,EN
5811,4516,dojo (hall used for martial arts training),EN
5812,4516,"manda (place of Buddhist practice or meditation, esp. the place under the bodhi tree where Buddha attained enlightenment)",EN
5813,4517,comedy; funny show,EN
5814,4518,peak; summit; ridge; top,EN
5815,4518,back of a blade,EN
5816,4519,oral,EN
5817,4520,division; section; compartment; boundary; area; block,EN
5818,4521,another meeting; meeting again; reunion,EN
5819,4522,seal,EN
5820,4523,incomplete understanding; doubt; question; distrust; suspicion; strangeness; infidelity,EN
5821,4524,arbitration; conciliation; mediation,EN
5822,4525,large amount of money; great cost,EN
5823,4526,interference; intervention; meddling,EN
5824,4527,supplementation; supplement; replenishment; replenishing; replacement; refilling,EN
5825,4528,paid subscription (e.g. magazine),EN
5826,4529,forestry,EN
5827,4530,pessimism; disappointment,EN
5828,4531,iron and steel,EN
5829,4532,post; managerial position; official position,EN
5830,4533,cheque; check,EN
5831,4534,liquid; fluid,EN
5832,4535,debate; discussion,EN
5833,4536,fall; tumble; spill; plunge; dive,EN
5834,4536,degradation; comedown; demotion; slump,EN
5835,4537,"distribution (e.g. films, rice)",EN
5836,4537,"rationing (e.g. food, gasoline)",EN
5837,4538,confrontation; facing; between ourselves; no third party; tete-a-tete,EN
5838,4539,channel (e.g. between two land masses); strait,EN
5839,4540,part; portion; section,EN
5840,4541,breed; multiply; increase; propagation,EN
5841,4542,draw (in competition); tie game,EN
5842,4543,forcing (e.g. a vote); carrying out (forcibly); pushing ahead (with); enforcement,EN
5843,4544,friendship,EN
5844,4545,steering; piloting; flying; control; operation; handling,EN
5845,4545,management; handling; control; manipulation,EN
5846,4546,tone color; tone colour; tone quality; timbre,EN
5847,4546,synthesizer patch; synthesiser patch,EN
5848,4547,screw,EN
5849,4547,"key (of a clock, watch, etc.); spring (of a clock, watch, etc.)",EN
5850,4548,proposal; request; claim; report; notice; offer,EN
5851,4549,"transmission (e.g. news, chemical signals, electricity); communication; delivery; conveyance; transfer; relay; propagation; conduction",EN
5852,4550,control; management; supervision,EN
5853,4551,optimism,EN
5854,4552,stillness; repose; standing still,EN
5855,4553,combination,EN
5856,4554,transition from one epoch to another; change of era,EN
5857,4555,fate; destiny; predestination,EN
5858,4556,maritime; marine transportation,EN
5859,4557,equilibrium; balance,EN
5860,4558,retaining warmth; keeping heat in; heat insulation,EN
5861,4559,escape; flight; running away; elopement; fleeing,EN
5862,4560,private ownership,EN
5863,4561,taste; palate; sense of taste,EN
5864,4562,government business; official business,EN
5865,4563,compelling; serious; severe; acute; earnest; sincere; pressing; urgent; keen; fervent; poignant,EN
5866,4564,root; basis; foundation,EN
5867,4565,duty; sense of duty; honor; honour; decency; courtesy; debt of gratitude; social obligation,EN
5868,4566,sometimes,EN
5869,4567,outside the area,EN
5870,4568,mutual; reciprocal; alternate,EN
5871,4569,fault; error; indiscretion; faux pas,EN
5872,4570,instinct,EN
5873,4571,presentiment; premonition; hunch,EN
5874,4572,excuse,EN
5875,4572,explanation,EN
5876,4573,lower house; House of Representatives,EN
5877,4574,declining; refusal; nonacceptance; turning down; withdrawal (e.g. candidacy); pulling out (e.g. race); excusing oneself,EN
5878,4575,public gaze; public notice,EN
5879,4576,the end; the extremity; the limit; the limits; the result,EN
5880,4577,bank clerk,EN
5881,4578,transport; carriage,EN
5882,4579,savings,EN
5883,4580,"payment (taxes, fees, etc.)",EN
5884,4580,supply (of goods); delivery,EN
5885,4581,sexual intercourse,EN
5886,4582,reaching; attaining; arrival,EN
5887,4583,warrior (esp. of military retainers of daimyos in the Edo period); samurai,EN
5888,4583,man in attendance (on a person of high standing); retainer,EN
5889,4584,damage,EN
5890,4585,management; dealing; settlement,EN
5891,4585,cleaning up; getting rid of,EN
5892,4586,threat; menace; coercion; terrorism,EN
5893,4587,stamp; seal,EN
5894,4588,inclination; slant; slope; bevel; list; dip; tilt; lean,EN
5895,4589,the very best,EN
5896,4590,uniformity; evenness; similarity; equality; impartiality; homogeneity,EN
5897,4591,"equality (esp. of status, on equal terms); equivalence",EN
5898,4592,corresponding to; being applicable to; relevant to; coming under; falling under; applying to; fulfilling; qualifying as,EN
5899,4593,small build; small stature; petite,EN
5900,4593,small pattern,EN
5901,4594,source of river; fountainhead,EN
5902,4595,engaging; pursuing; following (e.g. profession or occupation),EN
5903,4596,disturbance; obstruction; hindrance; jamming; interference,EN
5904,4597,membrane; film,EN
5905,4598,advance sale; booking,EN
5906,4599,remnant; fragment; incomplete set; fraction; odd sum; incompleteness,EN
5907,4600,balance; difference; margin,EN
5908,4601,completion (of a course),EN
5909,4602,embarkation; launch,EN
5910,4603,labor; labour; exertion; diligent service,EN
5911,4604,punctuation; pause; juncture,EN
5912,4604,end; (place to) stop,EN
5913,4605,message,EN
5914,4606,radiation; emission,EN
5915,4607,crowd; close formation; dense,EN
5916,4608,permission; pardon,EN
5917,4609,injury; harm; danger,EN
5918,4610,profit,EN
5919,4611,simplicity; plain,EN
5920,4612,insect; bug,EN
5921,4613,electric line; electric cable; power cable,EN
5922,4613,telephone line; telegraph wire,EN
5923,4614,wonder; miracle; amazement; prodigy,EN
5924,4615,fortune; riches,EN
5925,4615,goods,EN
5926,4616,textile; fabric,EN
5927,4617,flood,EN
5928,4618,grand; magnificent; lavish; large scale; prosperous; thriving; lively,EN
5929,4618,forceful; powerful; vigorous,EN
5930,4619,bacillus; bacterium; germ,EN
5931,4620,foam,EN
5932,4620,form,EN
5933,4621,customary practice; habit; traditional event,EN
5934,4622,fire prevention; fire fighting; fire proof,EN
5935,4623,one mind,EN
5936,4623,wholeheartedness; one's whole heart,EN
5937,4624,"long (e.g. novel, film)",EN
5938,4625,beneficial; profitable,EN
5939,4626,capture; seizure,EN
5940,4627,(husband and wife) both working; dual income,EN
5941,4628,lung,EN
5942,4629,injury; wound,EN
5943,4630,product; produce,EN
5944,4630,result; fruit,EN
5945,4631,sunburn; suntan; tan,EN
5946,4631,becoming discolored from the sun (e.g. paper); yellowing,EN
5947,4632,duty; obligation,EN
5948,4633,manure; fertilizer; fertiliser,EN
5949,4634,the opposite sex,EN
5950,4634,isomerism,EN
5951,4635,district of a town; city block (of irregular size),EN
5952,4636,encouragement,EN
5953,4637,blood relationship; blood relative,EN
5954,4638,English letter; alphabetic character,EN
5955,4639,cheer; shout of joy,EN
5956,4640,"day-care worker in a kindergarten, nursery school, etc.",EN
5957,4641,maternity and gynaecology department (gynecology); department of obstetrics and gynaecology (gynecology),EN
5958,4642,skill; cleverness,EN
5959,4643,stagnation; tie-up; congestion; retention; accumulation; falling into arrears,EN
5960,4644,industrial enterprise,EN
5961,4645,concession; conciliation; compromise,EN
5962,4646,family register,EN
5963,4646,census,EN
5964,4647,spark,EN
5965,4648,safety; security,EN
5966,4648,faultlessness; free from fault; passable; acceptable; innocuous,EN
5967,4649,prayer; supplication,EN
5968,4650,expenses; disbursements,EN
5969,4651,pressure; coercion; oppression,EN
5970,4652,correction; revision; amendment,EN
5971,4653,antipathy; revolt; animosity,EN
5972,4654,time difference,EN
5973,4655,planet,EN
5974,4656,outline; summary,EN
5975,4657,flight; desertion; escape,EN
5976,4658,burning; combustion,EN
5977,4659,face; honour; honor; reputation; prestige; dignity; credit,EN
5978,4659,appearance; look,EN
5979,4660,plan; policy,EN
5980,4661,shaking; trembling; pitching; rolling; oscillation,EN
5981,4661,disturbance; unrest; agitation; excitement; commotion; turmoil; discomposure; feeling shaken,EN
5982,4662,pension; guesthouse; bed and breakfast; private home providing lodging for travelers (travellers),EN
5983,4663,collection; levy,EN
5984,4664,tuberculosis; tubercule,EN
5985,4665,reclamation (e.g. wasteland); cultivation; development; opening up (e.g. new market),EN
5986,4665,pioneering; pathfinding; trail-blazing,EN
5987,4666,"space (room, area, outer space)",EN
5988,4667,slope; slanting surface; bevel,EN
5989,4668,intelligence,EN
5990,4669,guard; convoy; escort,EN
5991,4670,shamisen; samisen; three-stringed Japanese lute,EN
5992,4671,magnificent; grand; majestic; splendid,EN
5993,4672,point of view,EN
5994,4673,"transfer (trains, buses, etc.); connection; connexion",EN
5995,4673,switching (stock),EN
5996,4674,sympathy; agreement with; alignment; conformity; tuning,EN
5997,4675,chatting; idle talk,EN
5998,4676,strict; close,EN
5999,4677,pediatrics,EN
6000,4678,embroidery,EN
6001,4679,sensitivity; reception (e.g. radio and television); severity (quake),EN
6002,4680,emergency; first-aid,EN
6003,4681,invitation; solicitation; canvassing; canvasing; inducement; persuasion; encouragement,EN
6004,4682,load; baggage; cargo; freight; goods,EN
6005,4682,burden; responsibility,EN
6006,4683,inland,EN
6007,4684,seedling,EN
6008,4685,seasoning; flavoring; flavouring,EN
6009,4685,taking (something) into consideration; taking into account,EN
6010,4686,beforehand; in advance; previously,EN
6011,4687,agreement; same opinion; same feeling; sympathy; concurrence,EN
6012,4688,exemption; exoneration; discharge,EN
6013,4689,allotment; assignment; allocation; quota; rationing,EN
6014,4689,allocation,EN
6015,4690,crystal; crystallization; crystallisation,EN
6016,4690,"fruits (of labor, union, etc.)",EN
6017,4691,frank; blunt; plain; outspoken,EN
6018,4691,conspicuous; open,EN
6019,4692,adjustment; touch up,EN
6020,4693,monotony; monotone; dullness,EN
6021,4693,monotone; monotonic,EN
6022,4694,temptation; allurement; lure; seduction,EN
6023,4695,make-up; structure; physique,EN
6024,4696,invitation,EN
6025,4697,making necessary arrangements; laying the groundwork,EN
6026,4697,digging around the roots of a tree (before transplanting),EN
6027,4698,perfection; harmony; peace; smoothness; completeness; satisfaction; integrity,EN
6028,4699,accumulation; accumulate; store,EN
6029,4700,cruelty; harshness,EN
6030,4701,"reasoning; inference; mystery or detective genre (movie, novel, etc.)",EN
6031,4702,"ceremonial hall (e.g. wedding, funeral); hall for ceremonies; place of ceremony",EN
6032,4703,statue of Buddha; image of Buddha; Buddhist statue; Buddhist image,EN
6033,4704,groping (for); exploring for a solution,EN
6034,4705,moving to a different location to start a new job; (proceeding to) new appointment,EN
6035,4706,agreement; concurrence; conformance; compliance,EN
6036,4707,physique; constitution,EN
6037,4708,personal history; background; career,EN
6038,4708,log; record,EN
6039,4709,arrangement; disposition,EN
6040,4709,"array (programming, programing)",EN
6041,4710,magnetism,EN
6042,4711,wealthy person; millionaire,EN
6043,4712,prejudice; narrow view; bias,EN
6044,4713,symposium; round-table discussion,EN
6045,4714,promoting; increase; advance,EN
6046,4715,celebration; congratulations,EN
6047,4716,blockade,EN
6048,4716,freezing (funds),EN
6049,4717,spouse; wife; husband; partner,EN
6050,4718,town hall,EN
6051,4719,along railway line,EN
6052,4720,depopulation,EN
6053,4721,measurement error; calculation error,EN
6054,4722,60th birthday,EN
6055,4723,prisoner (of war),EN
6056,4724,spectators; onlookers; members of the audience,EN
6057,4725,business recession; hard times; depression; gloom; sullenness; cheerlessness,EN
6058,4726,disclosure; exposure; revelation,EN
6059,4727,ear (of plant); head (of plant),EN
6060,4727,point; tip,EN
6061,4728,monk; priest,EN
6062,4729,main line; trunk line,EN
6063,4730,abuse; misuse; misappropriation; using to excess,EN
6064,4731,encouragement; promotion; inducement; incitement; stimulation,EN
6065,4732,height of prosperity,EN
6066,4733,simplicity; artlessness; naivete; pristineness; idyll,EN
6067,4734,persecution,EN
6068,4735,.. street; .. quarter; .. district,EN
6069,4736,pearl,EN
6070,4737,title,EN
6071,4738,comparing with; match; rival; equal,EN
6072,4739,custom; precedent; of convention,EN
6073,4740,territorial waters,EN
6074,4741,disqualification; elimination; incapacity (legal),EN
6075,4742,centre; center; pivot; mainstay; nucleus; backbone; central figure; pillar; key man,EN
6076,4743,abstaining from voting,EN
6077,4743,renunciation of a right,EN
6078,4744,cross-section,EN
6079,4745,a lot; lots; plenty; many; a large number; much; a great deal; a good deal,EN
6080,4745,enough; sufficient,EN
6081,4746,police inspector,EN
6082,4747,help; aid; relief; (religious) salvation; (Christian) grace; providence,EN
6083,4748,duplication; repetition; overlapping; redundancy; restoration,EN
6084,4749,stickiness; viscosity,EN
6085,4749,tenacity; persistence,EN
6086,4750,oil painting,EN
6087,4751,en route; half-way,EN
6088,4751,on the road; in the street,EN
6089,4752,formal marriage interview; marriage meeting,EN
6090,4753,class; level; stratum; layer; hierarchy,EN
6091,4754,storage room; storeroom; lumber room,EN
6092,4755,family predecessor; previous age; previous generation,EN
6093,4756,clue; key; trail; scent; track; contact,EN
6094,4756,handhold; on hand,EN
6095,4757,Bible; scriptures,EN
6096,4758,"arena, esp. in sumo",EN
6097,4758,forum (e.g. for discussion),EN
6098,4759,internal organs; intestines; viscera,EN
6099,4760,purpose; utility; objective,EN
6100,4760,way to use something,EN
6101,4761,specialization; specialisation,EN
6102,4762,practice; practising; experience,EN
6103,4763,fine powder,EN
6104,4764,a hit; hitting something that was aimed at,EN
6105,4765,good sense,EN
6106,4766,ingenious; skillful; clever; deft,EN
6107,4767,company owned house,EN
6108,4768,meaning; tenor; gist,EN
6109,4768,effect; influence,EN
6110,4769,grace; refinement; elegance; daintiness,EN
6111,4770,originally; primarily; essentially; logically; naturally,EN
6112,4771,reading aloud; recitation,EN
6113,4772,punishment,EN
6114,4773,matter; thing; affair; circumstance,EN
6115,4774,whaling; whale fishing,EN
6116,4775,university graduate; bachelor,EN
6117,4775,bachelor's degree,EN
6118,4776,exit and entrance,EN
6119,4777,crotch; crutch; groin; thigh,EN
6120,4777,"fork (in a tree, road, river, etc.); tines (of a fork)",EN
6121,4778,dissection; autopsy,EN
6122,4778,analysis,EN
6123,4779,near oneself; close to one; familiar,EN
6124,4780,"first departure (of the day: train, bus, etc.); first train; first bus",EN
6125,4780,"departing one's home station (of a train, bus, etc.)",EN
6126,4781,suitability; fitness,EN
6127,4782,set meal; special (of the day),EN
6128,4783,urine,EN
6129,4784,extramarital sex; affair; fooling around,EN
6130,4784,infidelity; wantonness; unfaithfulness; inconstancy; fickleness; caprice,EN
6131,4785,falling; crashing,EN
6132,4786,"regular member (e.g. of football team, etc.)",EN
6133,4787,substitution,EN
6134,4788,explosion; rupture; break off,EN
6135,4789,ophthalmology,EN
6136,4790,chagrin; regret,EN
6137,4790,free from obstructive thoughts,EN
6138,4791,progress,EN
6139,4792,Zhou (dynasty of China); Chou,EN
6140,4792,perimeter,EN
6141,4793,dropping out of school,EN
6142,4794,variety,EN
6143,4795,verbal message; word,EN
6144,4796,taking a turn for the better; receding of symptoms,EN
6145,4797,leisure; leisure time; spare time,EN
6146,4798,rejection; negation; voting down,EN
6147,4799,matchmaker,EN
6148,4799,go-between; intermediary; middleman; mediator; intercessor,EN
6149,4800,heavens; firmament; sky,EN
6150,4801,(bargain) sale,EN
6151,4802,attack (disease),EN
6152,4803,setting a question (for an exam),EN
6153,4803,setting a theme (for composition of poetry),EN
6154,4804,shield; buckler; escutcheon; pretext,EN
6155,4805,legislative bill; measure,EN
6156,4805,agenda item,EN
6157,4806,reply; answer,EN
6158,4807,shame; embarrassment; disgrace,EN
6159,4808,tire; tyre,EN
6160,4809,pastor; minister; clergyman; reverend,EN
6161,4810,in good health; well; going strong,EN
6162,4811,shout; scream; outcry,EN
6163,4812,Gentlemen!; Ladies!,EN
6164,4813,swamp; bog; pond; lake,EN
6165,4814,one defeat,EN
6166,4815,mine (ore),EN
6167,4816,anaesthesia; anesthesia,EN
6168,4817,manufacturing method; recipe; formula,EN
6169,4818,boiling; seething,EN
6170,4819,very; greatly; much; to a large extent; quite,EN
6171,4820,individual; one by one; separate,EN
6172,4821,darkness; the dark; dark,EN
6173,4821,bewilderment; despair; hopelessness,EN
6174,4822,ruler; monarch; sovereign,EN
6175,4823,marriage; married,EN
6176,4824,original form; base form,EN
6177,4825,end of term,EN
6178,4826,variable measure of fabric (28.8 cm in width); for kimonos: at least 10 m in length; for haori: at least 7.27 m in length; for other clothes: at least 6.06 m in length,EN
6179,4826,"300 tsubo (991.74 meters square, 0.24506 acres)",EN
6180,4827,pair,EN
6181,4827,pair-oared boat,EN
6182,4828,unmarried woman,EN
6183,4828,Miss,EN
6184,4829,solid (body); solid matter; solid-state,EN
6185,4830,condition; situation; prospects,EN
6186,4831,the one concerned; the said person,EN
6187,4832,slander; libel; defamation,EN
6188,4833,type; font; lettering,EN
6189,4834,starting point; beginning; outset; square one,EN
6190,4834,drawing; issuing; draft; draught,EN
6191,4835,grade; class; degree; rank; rating; order; points,EN
6192,4835,magnitude,EN
6193,4836,livelihood; living,EN
6194,4837,mixed race; mixed parentage,EN
6195,4838,training; instruction,EN
6196,4839,grandiose; exaggerated,EN
6197,4840,Western style,EN
6198,4841,the same grade; same class,EN
6199,4842,stubborn; obstinate; pigheaded,EN
6200,4843,(computer) monitor,EN
6201,4843,"consumer who comments on products, television programs, etc. (programmes)",EN
6202,4844,storm; windstorm; gale,EN
6203,4845,supplement; complement,EN
6204,4846,cease-fire; truce; armistice,EN
6205,4847,passport,EN
6206,4848,rainy weather,EN
6207,4849,first edition,EN
6208,4850,printing,EN
6209,4851,sacred lotus (Nelumbo nucifera); Indian lotus; lotus,EN
6210,4851,rose of Sharon (Hibiscus syriacus),EN
6211,4852,iron manufacture,EN
6212,4853,full name,EN
6213,4854,expansion; swelling; increase; growth,EN
6214,4855,contribution; service,EN
6215,4856,edge (of a knife or sword),EN
6216,4856,prong (of an electrical plug),EN
6217,4857,diving; submerging; going underwater,EN
6218,4858,delinquency; misconduct,EN
6219,4859,precedent; example,EN
6220,4860,undulation,EN
6221,4860,ups and downs; highs and lows,EN
6222,4861,handicrafts,EN
6223,4862,strong feelings; deep emotion,EN
6224,4863,abundant harvest; bumper crop,EN
6225,4864,blessing; grace,EN
6226,4865,sincerity; devotion,EN
6227,4866,bridge building; mediation; go-between; intermediary; (through the) good offices (of someone),EN
6228,4867,domestic animals; livestock; cattle,EN
6229,4868,edict; ordinance; proclamation,EN
6230,4869,wisdom; intelligence; prudence,EN
6231,4870,errand; mission; going as envoy,EN
6232,4870,messenger; bearer; errand boy; errand girl,EN
6233,4871,buried property; treasure trove,EN
6234,4872,break; pause; gap; end; rift; interruption; cut; section; notch; incision; end (of a task),EN
6235,4873,usual (historical) custom,EN
6236,4874,guess; conjecture,EN
6237,4875,discussion; debate; argument,EN
6238,4876,division of labor; division of labour; specialization; specialisation; assembly-line production,EN
6239,4877,tax office,EN
6240,4878,remains; traces; vestiges; relics,EN
6241,4878,(the sorrow of) parting,EN
6242,4879,birth-place; home town,EN
6243,4880,very long; great length,EN
6244,4881,the sense of hearing,EN
6245,4882,fine weather (i.e. little or no clouds); fair weather; clear weather; clear sky; fair skies,EN
6246,4883,kind; sort; type,EN
6247,4883,equal; match; peer,EN
6248,4884,"proof (e.g. of love, of innocence); evidence; testimony; vindication (of innocence)",EN
6249,4884,license; membership card; permit,EN
6250,4885,encyclopedia; encyclopaedia,EN
6251,4886,check; restraint; oppression; suppression,EN
6252,4887,stone monument bearing an inscription (esp. memorial for future generations); stele; stela,EN
6253,4888,public discussion; public criticism; controversy,EN
6254,4889,inside out; upside down,EN
6255,4889,flip side; opposite; contrary; reverse,EN
6256,4890,senility; senile decay; infirmity (through age),EN
6257,4891,actual expense; cost price,EN
6258,4892,encyclopedia; encyclopaedia,EN
6259,4893,channel,EN
6260,4894,postpartum; after childbirth,EN
6261,4895,various,EN
6262,4895,various colors (colours),EN
6263,4896,pillage; plunder; looting; robbery,EN
6264,4897,score; sheet music,EN
6265,4898,"extermination (e.g. of pests, demons, bandits); elimination; eradication; suppression",EN
6266,4898,making someone renounce worldly desires in order to concentrate on Buddha's teachings,EN
6267,4899,contrast; comparison,EN
6268,4900,overcrowding; crowded; congestion,EN
6269,4901,rock,EN
6270,4902,"hall (dance, concert, etc.)",EN
6271,4902,hole,EN
6272,4903,paulownia tree; Paulownia tomentosa,EN
6273,4904,meter; gauge,EN
6274,4905,minuscule amount; extremely small quantity,EN
6275,4906,just above; right overhead,EN
6276,4907,aim; object; purpose; end,EN
6277,4907,expectations; prospects; hopes,EN
6278,4908,sudden; abrupt; unexpected; unforeseen,EN
6279,4909,performance; skill; tact,EN
6280,4910,lending (money); finance,EN
6281,4910,adaptability; versatility; flexibility; accommodation,EN
6282,4911,offering prizes; winning; reward,EN
6283,4912,spewing; gushing; spouting; eruption; effusion,EN
6284,4913,living room (Japanese-style),EN
6285,4914,(divine) punishment; curse; retribution,EN
6286,4915,mountain range,EN
6287,4916,paper patch; paper backing; poster; sticker; label,EN
6288,4917,majority rule,EN
6289,4918,bow (and arrow),EN
6290,4918,archery,EN
6291,4919,running away from home; leaving home,EN
6292,4920,tea drinking,EN
6293,4920,teahouse; tearoom; coffee lounge; coffee shop; (rather formal) cafe,EN
6294,4921,play; drama,EN
6295,4922,exemplar; exemplification; exemplum; model; example,EN
6296,4923,(outward) appearance,EN
6297,4923,(proper) format (e.g. of an essay); form; style,EN
6298,4924,gravel; ballast; pebbles,EN
6299,4924,child; rugrat; ankle-biter,EN
6300,4925,square (e.g. metre); square,EN
6301,4926,file,EN
6302,4927,hill,EN
6303,4928,fallen leaves; leaf litter,EN
6304,4929,receiving; receipt,EN
6305,4930,ghost; specter; spectre; apparition; phantom,EN
6306,4931,master's (academic degree),EN
6307,4932,colouring; coloring; colorant,EN
6308,4933,written application or petition; application form,EN
6309,4934,cultivation; farming,EN
6310,4935,rest; quiet; repose,EN
6311,4936,beast; brute; animal,EN
6312,4937,pipe; tube; cylinder,EN
6313,4937,gun barrel,EN
6314,4938,torii; Shinto shrine archway,EN
6315,4939,listening comprehension,EN
6316,4940,son,EN
6317,4941,patience; perseverance; persistence; tenacity; energy,EN
6318,4942,butterfly,EN
6319,4943,tolerance; open-mindedness; forbearance; generosity,EN
6320,4944,edge; brink; verge; side,EN
6321,4944,time; moment of,EN
6322,4945,poverty; destitute; poor,EN
6323,4946,excess; superabundance,EN
6324,4947,inexperience; unripeness; raw; unskilled; immature; inexperienced,EN
6325,4948,temple; sacred place; shrine; sanctuary; tabernacle,EN
6326,4949,putting off; postponing,EN
6327,4950,bank; weir; embankment; levee,EN
6328,4951,disaster; shipwreck; accident; being stranded,EN
6329,4952,waste; extravagance,EN
6330,4953,warship; battleship,EN
6331,4954,migratory bird; bird of passage,EN
6332,4955,embankment; bank,EN
6333,4955,beef sinew stewed in miso and mirin,EN
6334,4956,attendance,EN
6335,4957,holiness; sacredness; dignity,EN
6336,4958,suffocation; choking,EN
6337,4959,mining industry,EN
6338,4960,diarrhoea; diarrhea,EN
6339,4961,civility; courtesy; compliments; sociability; graces,EN
6340,4962,intuition; instinct; insight; hunch; immediacy,EN
6341,4963,effect; virtue; efficacy; impression,EN
6342,4964,animal husbandry,EN
6343,4965,conquest; subjugation; overcoming,EN
6344,4966,labour; labor; effort; toil; trouble,EN
6345,4967,driver (of a vehicle),EN
6346,4967,screwdriver,EN
6347,4968,revision (of text); alteration; change,EN
6348,4969,weave; weaving; woven item,EN
6349,4970,special skill,EN
6350,4971,theory,EN
6351,4972,the truth; fact; as it is; as you are; frank; bare plain,EN
6352,4973,military or naval uniform,EN
6353,4974,required (subject),EN
6354,4975,stealing,EN
6355,4976,ignorance; innocence; stupidity,EN
6356,4977,most (e.g. most part); greater; fairly; a good deal; much,EN
6357,4978,ruin; destruction; devastation; waste; decay,EN
6358,4979,custom,EN
6359,4980,(physical) growth; development,EN
6360,4981,lamp; light,EN
6361,4981,ramp,EN
6362,4982,word root; word derivation; etymology,EN
6363,4983,state; condition; circumstances; the way things are or should be; truth,EN
6364,4984,moisture; dampness; vapor; vapour,EN
6365,4984,dropsy; edema; oedema,EN
6366,4985,ability; skill; facility,EN
6367,4986,appendix; supplement; annex; extra (of a newspaper or magazine),EN
6368,4987,goodness; excellence; virtue,EN
6369,4988,originality,EN
6370,4989,employee; servant,EN
6371,4990,rash; thoughtless; careless; hasty; imprudent,EN
6372,4991,evening; dusk; twilight,EN
6373,4992,"support (family, esp. dependents: children or spouse); maintenance",EN
6374,4993,hard struggle; strenuous effort,EN
6375,4994,assembly hall; parliament house; diet building; capitol; houses of parliament; congress hall,EN
6376,4995,spring,EN
6377,4996,collar; lapel; neckband; neck,EN
6378,4996,nape of the neck; scruff of the neck,EN
6379,4997,(giving) birth; childbirth; delivery; confinement,EN
6380,4998,table; diagram; chart; timetable; schedule,EN
6381,4999,motto; slogan; catchword,EN
6382,5000,coins; small change,EN
6383,5001,capitulation; surrender; submission,EN
6384,5002,pinwheel (toy); windmill (toy),EN
6385,5002,windmill,EN
6386,5003,civil war; insurrection; rebellion; domestic conflict,EN
6387,5004,fee; charge; rate,EN
6388,5004,material,EN
6389,5005,coeducation,EN
6390,5006,burning low; waning; declining,EN
6391,5007,guts; bowels; intestines,EN
6392,5008,money; currency; coinage,EN
6393,5009,monster,EN
6394,5010,moving; changing residence,EN
6395,5011,betting; gambling; a gamble,EN
6396,5012,avalanche; snowslide,EN
6397,5013,calendar; almanac,EN
6398,5014,surrender; give oneself up,EN
6399,5015,elegance; refinement; grace; dignity,EN
6400,5015,aroma,EN
6401,5016,dairy (farm),EN
6402,5017,irregularity; unseasonableness,EN
6403,5018,angle,EN
6404,5018,square (or cube),EN
6405,5019,non-payment; default,EN
6406,5020,that way (direction distant from both speaker and listener); over there; yonder,EN
6407,5020,"that one (something physically distant from both speaker and listener, or something not visible but known by both speaker and listener); that",EN
6408,5021,Sukhavati (Amitabha's Pure Land),EN
6409,5021,paradise,EN
6410,5022,bad reputation; disgrace; unpopularity,EN
6411,5023,public; open; formal; official; governmental,EN
6412,5024,kind; variety,EN
6413,5024,(biological) species,EN
6414,5025,copy; duplicate; facsimile; transcript,EN
6415,5026,neutralizing; neutralising; counteracting,EN
6416,5027,aptitude,EN
6417,5028,chill; the shivers; shivering fit,EN
6418,5028,cold; coldness; cold air,EN
6419,5029,private property; personal effects,EN
6420,5030,settlement; an agreement,EN
6421,5031,boiling water,EN
6422,5032,poor; pitiable; pathetic; pitiful,EN
6423,5033,mining,EN
6424,5034,moving from place to place; being passed around repeatedly,EN
6425,5034,rolling about,EN
6426,5035,beach; foreshore,EN
6427,5036,value; worth; price; dignity,EN
6428,5037,directions; rules of use,EN
6429,5038,subjectivity; subject (philosophical); ego,EN
6430,5038,one's personal opinion; one's own idea,EN
6431,5039,one breath; pause; rest,EN
6432,5039,one go (i.e. in a short time),EN
6433,5040,wasting ... on (e.g. money); squandering; waste; frittering away,EN
6434,5041,resonance; sympathetic (sound); (being in) sympathy,EN
6435,5042,regret; repentance; remorse,EN
6436,5043,optical illusion; hallucination,EN
6437,5043,misapprehension; delusion,EN
6438,5044,dhyana (profound meditation),EN
6439,5044,Zen (Buddhism),EN
6440,5045,prosperous conditions; healthy economy,EN
6441,5046,lead (Pb),EN
6442,5047,feudal lord; daimyo,EN
6443,5048,change; transition; vicissitudes,EN
6444,5049,label (i.e. sticker),EN
6445,5049,label (i.e. record label),EN
6446,5050,quarterly (e.g. magazine),EN
6447,5051,in good health; healthy; well; robust; strong,EN
6448,5051,skilled; clever; proficient,EN
6449,5052,long way; distant place,EN
6450,5053,"organ (of body, plant, etc.); system (of body), e.g. digestive system",EN
6451,5054,full moon,EN
6452,5055,attachment; adhesion; tenacity; fixation; obsession,EN
6453,5056,busy; pressure of work,EN
6454,5057,signature; register,EN
6455,5058,hatred,EN
6456,5059,environment; circumstances,EN
6457,5060,shock (psychological),EN
6458,5060,"shock (physical, mechanical)",EN
6459,5061,platform; podium; rostrum,EN
6460,5061,mandala,EN
6461,5062,mansion; small castle,EN
6462,5062,nobleman; noblewoman,EN
6463,5063,solution (liquid),EN
6464,5064,pump,EN
6465,5065,eyeball,EN
6466,5066,elaborate; delicate; exquisite,EN
6467,5067,great numbers (of people); numerical superiority; masses,EN
6468,5067,people; folk; clique; bunch,EN
6469,5068,stalk; stem,EN
6470,5069,name of an era; year number,EN
6471,5070,coolness; indifference,EN
6472,5071,mess; spoiled; spoilt; (come to) nothing; ruin,EN
6473,5072,seniority,EN
6474,5073,tearing up and discarding (e.g. documents); disposal (e.g. weaponry); revocation; annulment; breaking (e.g. treaty); reversing (e.g. an original judgment) (judgement); discard; cancellation; repeal,EN
6475,5074,small dining table (usu. for a single person); serving tray (with legs),EN
6476,5074,meal; food; serving,EN
6477,5075,house; hall; building,EN
6478,5076,losing something,EN
6479,5077,massage,EN
6480,5078,brevity; conciseness; simplicity,EN
6481,5079,reticence; taciturnity,EN
6482,5080,insult; contempt; slight,EN
6483,5081,the teaching profession,EN
6484,5081,(in Christianity) education of laity,EN
6485,5082,bad fellow; rascal; ruffian; scoundrel,EN
6486,5083,collecting; gathering,EN
6487,5084,living flesh; flesh and blood,EN
6488,5084,physical body of Buddha or a bodhisattva,EN
6489,5085,dry (esp. as in not wet or as in dry humour),EN
6490,5086,justification; rationalization; pretext; explanation; exculpation; defence; defense; excuse; apology,EN
6491,5087,consultation; conference,EN
6492,5088,objection; shortcomings,EN
6493,5089,fishing village,EN
6494,5090,in two equal parts,EN
6495,5091,donation; presentation; gift,EN
6496,5092,show,EN
6497,5093,mild; calm; gentle; quiet; harmonious,EN
6498,5094,place of work,EN
6499,5095,hunger,EN
6500,5096,fashion; way; style; manner,EN
6501,5096,school (of thought),EN
6502,5097,pulse,EN
6503,5097,vein,EN
6504,5098,taboo; forbidden thing,EN
6505,5099,developing (film),EN
6506,5100,advice; warning,EN
6507,5101,right under; directly below,EN
6508,5102,range; stove; cooker,EN
6509,5102,microwave oven,EN
6510,5103,judgement; judgment; penalty; punishment,EN
6511,5104,dental brushing; brushing one's teeth,EN
6512,5104,dentifrice; toothpaste; tooth powder,EN
6513,5105,example,EN
6514,5105,simile; metaphor; allegory; fable; parable,EN
6515,5106,introduction (from abroad),EN
6516,5106,transmission (through successive generations); being handed down (from generation to generation); being passed down,EN
6517,5107,whim; caprice; whimsy; fickle; moody; uneven temper,EN
6518,5108,female (animal),EN
6519,5109,lingering affection; attachment; regret; regrets; reluctance; ruefulness,EN
6520,5110,lecture attendance; auditing,EN
6521,5111,graph,EN
6522,5112,bad harvest; poor crop,EN
6523,5113,noted product; local specialty,EN
6524,5114,pavement; road surface,EN
6525,5115,average; medium; common; ordinary,EN
6526,5115,line; row of (e.g. houses),EN
6527,5116,natural calamity; disaster,EN
6528,5117,second (party to an agreement); the B party (e.g. in a contract); the latter; defendant,EN
6529,5117,stylish; chic; spicy; witty; tasty; romantic,EN
6530,5118,supremacy; predominance; being superior to,EN
6531,5119,maternity leave,EN
6532,5120,rinsing with water; flushing,EN
6533,5121,exhibition; display; show,EN
6534,5122,appointment,EN
6535,5123,eyebrow; eyebrows,EN
6536,5124,inefficiency; incompetence,EN
6537,5124,incompetent person,EN
6538,5125,(flower) petal,EN
6539,5126,always; usually; every time,EN
6540,5126,never,EN
6541,5127,ignition; lighting; set fire to,EN
6542,5128,cold storage; refrigeration,EN
6543,5129,change schools,EN
6544,5130,out of print,EN
6545,5131,viewing,EN
6546,5132,mask; veil; disguise,EN
6547,5132,anonymous; unmarked; incognito,EN
6548,5133,nomadism,EN
6549,5134,yield; produce,EN
6550,5135,hose,EN
6551,5135,horse,EN
6552,5136,disgrace; shame; stain; blot; corruption; depravity,EN
6553,5136,uncleanness; impurity; defilement,EN
6554,5137,running in parallel; lined up alongside,EN
6555,5137,"parallel (electronics, computing, etc.)",EN
6556,5138,whirlpool; swirl; eddy; vortex; maelstrom,EN
6557,5139,left-handedness; left-hander,EN
6558,5139,drinker; wine lover,EN
6559,5140,nectar,EN
6560,5140,honey,EN
6561,5141,every other week,EN
6562,5142,enclosure (e.g. in a letter),EN
6563,5143,farming; agriculture,EN
6564,5144,idle complaint; grumble,EN
6565,5144,"moha (ignorance, folly)",EN
6566,5145,cancer,EN
6567,5146,trunk; torso; body; abdomen; waist,EN
6568,5146,plastron (in kendo); touching the plastron (kimari-te in kendo),EN
6569,5147,war damage,EN
6570,5148,sinking; foundering; going down; submersion,EN
6571,5148,getting dead drunk,EN
6572,5149,saturation,EN
6573,5150,illness; disease,EN
6574,5150,bad habit; weakness; fault,EN
6575,5151,instruction; mandate; directions,EN
6576,5152,game; spoils; trophy; prey,EN
6577,5153,returning to Tokyo,EN
6578,5153,returning to the capital,EN
6579,5154,negligence; procrastination; carelessness,EN
6580,5155,deterioration; changing for the worse,EN
6581,5156,the same age,EN
6582,5157,business; thing to be done; something that should be performed; information that should be conveyed,EN
6583,5158,clique; faction; school,EN
6584,5159,atmospheric current; air current; airflow,EN
6585,5160,narrow; tight; cramped,EN
6586,5160,formal; stiff; strict; ceremonious; rigid,EN
6587,5161,mansion; residence,EN
6588,5162,solid; firm; stout; burly; strong; sturdy,EN
6589,5163,division of labour; division of labor; splitting into groups (e.g. to search),EN
6590,5164,drill (tool),EN
6591,5164,drill (practice),EN
6592,5165,hero; manly person; warrior,EN
6593,5166,downfall; ruin; collapse; destruction,EN
6594,5167,confusion; mixing; merger,EN
6595,5168,communication,EN
6596,5169,gentle; mild; moderate,EN
6597,5170,cruelty; coldheartedness; relentless; ruthless,EN
6598,5171,elimination; erasure; dying out; clearing; purge; melting away,EN
6599,5172,doing (with resolve); carrying out (e.g. a plan),EN
6600,5173,foolish; stupid,EN
6601,5174,volt,EN
6602,5174,bolt,EN
6603,5175,vigorous; healthy; sound,EN
6604,5176,innocence; simple-mindedness,EN
6605,5177,height above sea level,EN
6606,5178,flower bed,EN
6607,5179,(aircraft) hangar,EN
6608,5179,(coat) hanger,EN
6609,5180,contact,EN
6610,5180,contact lens,EN
6611,5181,forfeiture; seizure; confiscation; impounding,EN
6612,5182,poor; meagre; meager; insubstantial,EN
6613,5183,prosperity; flourishing; thriving,EN
6614,5184,filter (esp. camera),EN
6615,5185,ocean current,EN
6616,5186,hint; suggestion,EN
6617,5187,lever; joystick,EN
6618,5187,liver,EN
6619,5188,yearbook; almanac; annual,EN
6620,5189,by nature; by birth; naturally; natural; innate,EN
6621,5190,profit; returns,EN
6622,5191,recently; the other day,EN
6623,5192,guest,EN
6624,5193,cycle,EN
6625,5194,being (too) late,EN
6626,5194,belated treatment,EN
6627,5195,expert; professional; master,EN
6628,5195,woman in the nightlife business; demimondaine; geisha and prostitutes,EN
6629,5196,pay by proxy; act for another; speak for another,EN
6630,5197,annual tree ring,EN
6631,5198,trouble; bother,EN
6632,5198,"number of moves (in go, shogi, etc.)",EN
6633,5199,tower,EN
6634,5200,rainfall; precipitation,EN
6635,5201,embodiment; manifestation; materialization; materialisation; expression; indication,EN
6636,5202,dramatization (e.g. film); dramatisation,EN
6637,5203,obscure; vague; equivocal,EN
6638,5204,both extremities,EN
6639,5204,North and South Poles,EN
6640,5205,"master (of a house, shop, etc.)",EN
6641,5205,husband (informal),EN
6642,5206,large build,EN
6643,5206,large pattern,EN
6644,5207,calorific value; quantity of heat; calorie,EN
6645,5208,tidying up; finishing,EN
6646,5209,studio,EN
6647,5210,spices; condiment,EN
6648,5211,sunset,EN
6649,5212,nonsense; no meaning; meaningless,EN
6650,5213,jar; pot; vase,EN
6651,5213,dice cup,EN
6652,5214,name plate; name tag; label,EN
6653,5215,which way; which direction; where,EN
6654,5215,which one (esp. of two alternatives),EN
6655,5216,control,EN
6656,5217,jealousy; envy,EN
6657,5218,collation; comparison,EN
6658,5219,handcuffs; manacles,EN
6659,5220,going to work (e.g. in the morning); coming to work,EN
6660,5221,worship; adoration; admiration; cult,EN
6661,5222,westering sun; setting sun,EN
6662,5223,jump,EN
6663,5224,futures,EN
6664,5224,credit (buying),EN
6665,5225,side line; second business,EN
6666,5226,"crossing without meeting (e.g. letters in the post, people on the road); going astray",EN
6667,5226,difference of opinion; misunderstanding; estrangement; disagreement,EN
6668,5227,ominous; sinister; bad luck; ill omen; inauspiciousness,EN
6669,5228,short wave,EN
6670,5229,retirement,EN
6671,5229,retired person,EN
6672,5230,compromise; cross; blending; eclecticism,EN
6673,5231,chic; smart; stylish; tasteful; refined; sophisticated; worldly,EN
6674,5231,considerate; understanding; sympathetic,EN
6675,5232,wharf; bridge; jetty; pier,EN
6676,5233,trouble,EN
6677,5234,elegant,EN
6678,5235,nostalgia; homesickness,EN
6679,5236,exaggeration,EN
6680,5237,keen; acute,EN
6681,5238,command; lead; generalship; leadership,EN
6682,5239,forwarding; sending on; redirecting (e.g. mail),EN
6683,5239,deadheading (e.g. train),EN
6684,5240,how ..!; what ..!,EN
6685,5240,what (questioning),EN
6686,5241,subtract; give a demerit,EN
6687,5242,hillside; mountainside,EN
6688,5243,sea route,EN
6689,5244,character; traits; ethos,EN
6690,5245,timing,EN
6691,5246,scale; gradations,EN
6692,5247,pity; sympathy; compassion; mercy,EN
6693,5247,affection,EN
6694,5248,indignation; resentment,EN
6695,5249,(plant) bulb,EN
6696,5250,umeboshi; pickled ume; pickled plum,EN
6697,5251,rule,EN
6698,5252,old friend; old friendship,EN
6699,5253,abbreviation; acronym,EN
6700,5254,many; numerous,EN
6701,5255,(the) date,EN
6702,5256,rough (as in not precise); broad; sketchy,EN
6703,5257,state-sponsored; national,EN
6704,5258,"pot (esp. teapot, coffee-pot)",EN
6705,5258,vacuum bottle; thermos flask,EN
6706,5259,spinning,EN
6707,5260,where; what place,EN
6708,5260,"how much (long, far); what extent",EN
6709,5261,Japanese text; sentence in Japanese,EN
6710,5262,thin rice porridge; watery cooked rice; rice gruel; congee,EN
6711,5263,veranda; porch; balcony; open corridor,EN
6712,5263,bone at the base of a fin; meat at the base of a fin (esp. of a flatfish),EN
6713,5264,intention; plan,EN
6714,5264,conviction; belief,EN
6715,5265,cost of fuel and lighting; cost of heat and electricity; energy bill; utility cost,EN
6716,5266,questionnaire; survey,EN
6717,5267,flood,EN
6718,5268,intelligence; cleverness; innate aptitude,EN
6719,5269,(outward) looks; features; face; countenance; expression,EN
6720,5270,somersault; looping-the-loop,EN
6721,5271,assistant; associate; vice-; sub-; deputy; substitute; auxiliary; supplementary; additional; collateral,EN
6722,5271,duplicate; copy,EN
6723,5272,music,EN
6724,5273,porcelain (esp. hard-paste porcelain); china; chinaware,EN
6725,5274,buoyancy; floating power,EN
6726,5275,retainer; retinue; servant,EN
6727,5276,rotation (usu. on an axis); turning; spin,EN
6728,5277,prattle; broken language; halting language; baby talk; imperfect speech; smattering,EN
6729,5278,stress,EN
6730,5279,precious stone (esp. jade),EN
6731,5279,egg (sometimes esp. as a sushi topping),EN
6732,5280,seal; stamp; mark; print,EN
6733,5280,mudra (symbolic hand gesture),EN
6734,5281,cost; expense,EN
6735,5282,whole; all; general; gross; entire; overall,EN
6736,5283,sauce (esp. Worcestershire sauce),EN
6737,5283,source,EN
6738,5284,in very small pieces,EN
6739,5285,cause,EN
6740,5285,basis; foundation,EN
6741,5286,thorn; spine; prickle,EN
6742,5286,"splinter (esp. lodged in one's flesh); hard sharp item (esp. lodged in one's throat, e.g. fish bone)",EN
6743,5287,extracurricular,EN
6744,5288,rope,EN
6745,5289,annihilation; total destruction; complete destruction; crushing defeat,EN
6746,5290,moat; fosse; trench; ditch,EN
6747,5290,underground air-raid shelter; dugout,EN
6748,5291,way of standing,EN
6749,5291,dancer (in a Japanese dance performance),EN
6750,5292,bending; indentation,EN
6751,5292,refraction,EN
6752,5293,original document (not a copy or adaptation); book in its original language (esp. a European language),EN
6753,5294,running fast; double time,EN
6754,5294,cantering,EN
6755,5295,spurious article; forgery; counterfeit; imitation; sham,EN
6756,5296,remaining money,EN
6757,5297,crossroads,EN
6758,5298,tile,EN
6759,5298,coating,EN
6760,5299,ruin; fall; collapse,EN
6761,5300,in general; almost all,EN
6762,5300,mainly; mostly; most likely,EN
6763,5301,myopia; shortsightedness; nearsightedness,EN
6764,5302,personal use,EN
6765,5302,private business,EN
6766,5303,member,EN
6767,5304,clean; pure; chaste,EN
6768,5305,lesson,EN
6769,5306,open field; empty lot; plain,EN
6770,5307,young bird; chick; fledgling,EN
6771,5307,greenhorn; fledgeling; novice; rookie,EN
6772,5308,unrequited love,EN
6773,5309,socks,EN
6774,5310,joint; seam; joining point,EN
6775,5311,"taste (in fashion, music, etc.); sense (e.g. of humour); flair",EN
6776,5312,rate; ratio; proportion; percentage,EN
6777,5312,profit,EN
6778,5313,standing in a row; forming a line; alignment,EN
6779,5314,patience; endurance,EN
6780,5315,words; phrases,EN
6781,5316,row of houses; every door,EN
6782,5316,totally; altogether; across the board,EN
6783,5317,feudalistic,EN
6784,5318,written language; literary language,EN
6785,5318,formal (or archaic) written style based on Heian-period Japanese,EN
6786,5319,star (esp. television); personality,EN
6787,5319,talent; skill,EN
6788,5320,lady,EN
6789,5320,ready,EN
6790,5321,germination; sprouting; budding,EN
6791,5322,mistake; error,EN
6792,5323,presentation (e.g. of a gift),EN
6793,5324,product of the land,EN
6794,5324,present; souvenir,EN
6795,5325,"side (of something, or taking someone's side); part",EN
6796,5325,(watch) case,EN
6797,5326,uniform,EN
6798,5327,international,EN
6799,5328,pachinko; mechanical gambling game superficially resembling pinball,EN
6800,5328,slingshot; catapult,EN
6801,5329,flattery; compliment,EN
6802,5330,tobacco; cigarette; cigaret; cigar,EN
6803,5330,tobacco plant (Nicotiana tabacum),EN
6804,5331,engineer,EN
6805,5332,warp; curvature; curve; arch,EN
6806,5333,blind spot,EN
6807,5334,"bat (in baseball, cricket, etc.)",EN
6808,5334,bat (animal),EN
6809,5335,thigh,EN
6810,5336,restraint; restriction; fetters; yoke; shackles,EN
6811,5336,binding; confinement with rope,EN
6812,5337,refusal; rejection,EN
6813,5338,want; shortage; famine,EN
6814,5339,tone,EN
6815,5340,hibernation; winter sleep,EN
6816,5341,knack; skill; trick; secret; know-how; the ropes; hang,EN
6817,5342,general affairs,EN
6818,5343,original (text),EN
6819,5344,convenient; useful; handy; helpful,EN
6820,5344,priceless treasure,EN
6821,5345,love and hate; likes and dislikes,EN
6822,5346,miscellaneous,EN
6823,5347,garage (at house),EN
6824,5348,dessert,EN
6825,5348,desert,EN
6826,5349,monthly tuition fee,EN
6827,5350,shell,EN
6828,5351,gradually; by degrees,EN
6829,5351,steps; stairs; staircase; terrace,EN
6830,5352,drying; dried,EN
6831,5353,solo,EN
6832,5354,heir; successor,EN
6833,5355,contest,EN
6834,5356,jazz,EN
6835,5357,thickheadedness; stolidity; insensitivity,EN
6836,5358,dumbfounded; stumped; at one's wits' end; nonplussed,EN
6837,5358,annoyed,EN
6838,5359,(doing) various things; (doing) this and that,EN
6839,5359,being apt to; being prone to; tending to become,EN
6840,5360,cane; walking stick; staff; wand,EN
6841,5361,information,EN
6842,5362,group; party; team,EN
6843,5362,squad; section,EN
6844,5363,mostly; nearly; practically; well-nigh; almost invariably; all but; just about; almost,EN
6845,5364,negation; denial; negative,EN
6846,5365,territory; dominion; grounds (e.g. school),EN
6847,5366,timer; clock register,EN
6848,5367,steamship; steamboat; steamer,EN
6849,5368,marriage proposal; engagement,EN
6850,5369,security guard; doorkeeper,EN
6851,5370,servant; manservant; menial,EN
6852,5371,funny; humorous; humourous; comical; laughable; ridiculous; joking,EN
6853,5372,temporary absence from school,EN
6854,5373,first sign of the Chinese calendar,EN
6855,5374,catch; catching; obtaining (e.g. information); receiving (e.g. radio transmission or phone call),EN
6856,5374,catch,EN
6857,5375,these,EN
6858,5376,going slowly,EN
6859,5377,impolite; rude,EN
6860,5378,pajamas; pyjamas,EN
6861,5379,addition,EN
6862,5380,rod; pole,EN
6863,5380,"neck (of a shamisen, etc.); shamisen",EN
6864,5381,imitation; copying,EN
6865,5382,learning,EN
6866,5383,implying (negatively) that something is full of (e.g. mistakes),EN
6867,5383,covered all over (e.g. with blood),EN
6868,5384,intention; attention; dedication; care; prudence; readiness; mental attitude,EN
6869,5385,position,EN
6870,5386,Chinese word; Sino-Japanese word,EN
6871,5387,change,EN
6872,5388,hint,EN
6873,5389,Go board,EN
6874,5390,a priori; inborn; innate; inherent; congenital; hereditary,EN
6875,5391,watt,EN
6876,5392,which (of three or more),EN
6877,5392,whichever; any,EN
6878,5393,unique; individual; original; unusual,EN
6879,5394,quiz,EN
6880,5395,dress; attire; clothing; getup; outfit; personal appearance,EN
6881,5396,odd number,EN
6882,5397,one layer; single; onefold,EN
6883,5398,jumbo,EN
6884,5399,analogy,EN
6885,5399,analogical reasoning,EN
6886,5400,savage land; backward region; uncivilized; uncivilised,EN
6887,5401,shape; state,EN
6888,5401,letter; correspondence,EN
6889,5402,sign; omen; indication; portent,EN
6890,5403,hesitance; diffidence; feeling constraint; fear of troubling someone; having scruples about doing something,EN
6891,5404,earthenware pot,EN
6892,5405,dew,EN
6893,5405,tears,EN
6894,5406,something heard for the first time; hearing something for the first time,EN
6895,5407,sweet flavour; sweet flavor; mildness,EN
6896,5407,flattery,EN
6897,5408,cocktail,EN
6898,5409,circulation (esp. documents); sending round,EN
6899,5410,decoration,EN
6900,5411,Jesus,EN
6901,5411,yes,EN
6902,5412,ill will; malice; another intention; secret purpose; ulterior motive; fickleness; double-mindedness,EN
6903,5413,(animal) collar,EN
6904,5413,necklace; choker,EN
6905,5414,treasure house; treasury,EN
6906,5414,financial supporter; patron; financier; backer,EN
6907,5415,appropriately,EN
6908,5416,dictation; verbal statement,EN
6909,5417,where; which; who,EN
6910,5417,anyway; anyhow; at any rate,EN
6911,5418,rice (esp. when served on a plate),EN
6912,5419,boom,EN
6913,5420,detour; roundabout way,EN
6914,5421,recreation,EN
6915,5421,re-creation,EN
6916,5422,vague; ambiguous; unclear,EN
6917,5422,fuzzy,EN
6918,5423,warehouse; storehouse; cellar; magazine; granary; godown; depository; treasury; elevator,EN
6919,5424,confession,EN
6920,5425,plump; rotund; chubby,EN
6921,5426,advance arrangements; preparatory meeting; briefing session,EN
6922,5426,"overlap (of a coat, etc.)",EN
6923,5427,qing (Chinese unit of land area equal to 100 mu),EN
6924,5428,jacket; jumper,EN
6925,5428,(ski) jumper,EN
6926,5429,accelerator,EN
6927,5429,Axel (figure skating jump); axel,EN
6928,5430,jello; gelatin dessert; jelly,EN
6929,5430,gel; jelly,EN
6930,5431,religious mission; religious proclamation,EN
6931,5432,projection,EN
6932,5433,automatic,EN
6933,5434,approach,EN
6934,5434,approach shot,EN
6935,5435,high; noble; refined; advanced,EN
6936,5436,pose,EN
6937,5436,pause,EN
6938,5437,trade in; part exchange,EN
6939,5438,badge,EN
6940,5439,degeneration; retrogression,EN
6941,5440,simplicity; modesty; frugality,EN
6942,5441,slacks,EN
6943,5442,(trouser) cuff; (skirt) hem; shirttail; cut edge of a hairdo; fringe; foot of mountain,EN
6944,5443,between-meal snack,EN
6945,5443,mid-afternoon (around 3 o'clock) snack; afternoon refreshment; afternoon tea,EN
6946,5444,romantic,EN
6947,5445,steam,EN
6948,5446,side show; entertainment,EN
6949,5447,best-seller,EN
6950,5448,ceremony,EN
6951,5449,denominator,EN
6952,5450,contrast,EN
6953,5451,look; glance,EN
6954,5451,stone (in the game of go),EN
6955,5452,look; glimpse; glance,EN
6956,5453,rental car; rent-a-car; hired auto,EN
6957,5453,car rental agency; car hire agency; hire car agency,EN
6958,5454,elbowroom; leeway; room; reserve; margin; allowance; latitude; time,EN
6959,5455,incision; operation; section,EN
6960,5456,puncture; flat tyre (tire); bursting,EN
6961,5456,punk,EN
6962,5457,passage; place; point; part,EN
6963,5458,cliff,EN
6964,5459,absurd; unreasonable; excessive; rash,EN
6965,5460,pomp; splendor; splendour; gaudiness,EN
6966,5461,testing; scrutiny; careful investigation,EN
6967,5462,gap; slippage,EN
6968,5463,Italy,EN
6969,5464,mass communication; the media,EN
6970,5465,preface; introduction,EN
6971,5466,one thing or another; this way and that; this and that; this or that,EN
6972,5466,around; about; nearly; roughly; almost; round about,EN
6973,5467,divisions of a kabuki performance,EN
6974,5468,fight,EN
6975,5468,fighting spirit,EN
6976,5469,yearning; longing; aspiration,EN
6977,5470,young,EN
6978,5471,script; screenplay,EN
6979,5471,scenario,EN
6980,5472,praise; adoration; glorification,EN
6981,5473,chest of drawers; bureau; cabinet; tansu; dresser,EN
6982,5474,Mrs,EN
6983,5475,necklace; choker,EN
6984,5476,the other day; lately; recently; during this period,EN
6985,5476,meanwhile; in the meantime,EN
6986,5477,mood,EN
6987,5478,pity; compassion,EN
6988,5479,ferry,EN
6989,5480,one-by-one; separately,EN
6990,5480,every single; each and every; without omission; fully; in detail,EN
6991,5481,feeling relieved; (sigh of) relief,EN
6992,5482,"otolaryngology; concerning the ear, nose, and throat",EN
6993,5483,crane,EN
6994,5484,melody,EN
6995,5484,chime,EN
6996,5485,stretcher; litter,EN
6997,5486,cameraman; photographer; cinematographer,EN
6998,5487,(spirit of) self-respect; self-importance; conceit; pride,EN
6999,5488,ascetic practices,EN
7000,5488,training; practice; discipline; study,EN
7001,5489,look; expression of the eyes; eyes,EN
7002,5490,alkali,EN
7003,5491,buzzer; personal alarm (loud buzzer to attract attention in case of attack),EN
7004,5492,hermit; wizard,EN
7005,5493,"pair of compasses; compass (for drawing circles, etc.)",EN
7006,5493,(mariner's) compass,EN
7007,5494,taste; liking; preference,EN
7008,5495,straw,EN
7009,5496,during the night; at night,EN
7010,5497,little less than; fewer than; under,EN
7011,5497,weakness; the weak,EN
7012,5498,jeans; dungarees,EN
7013,5499,the end of,EN
7014,5499,powder,EN
7015,5500,nuance,EN
7016,5501,any; anything; whatever,EN
7017,5502,there (place relatively near listener),EN
7018,5502,there (place just mentioned); that place,EN
7019,5503,vocabulary; lexicon; lexis; terminology,EN
7020,5504,send specially; special envoy,EN
7021,5505,gesture; gesticulation; motion,EN
7022,5506,seal; stamp; monogram signature,EN
7023,5506,judgment; judgement,EN
7024,5507,dry cleaning,EN
7025,5508,literary work,EN
7026,5509,rain gear,EN
7027,5510,view; prospect; outlook,EN
7028,5511,ray (fish); stingray,EN
7029,5512,(idle) curiosity; whimsical; (having) strange tastes,EN
7030,5513,amateur,EN
7031,5514,chime; bell (e.g. doorbell),EN
7032,5515,clarity; clearness,EN
7033,5516,I; me,EN
7034,5517,"side dish; okazu; side dish (meat, fish, pickles, etc.) accompanying the rice in a typical Japanese meal",EN
7035,5517,"food for thought (esp. in the context of conversation, or material for assisting arousal during masturbation)",EN
7036,5518,holiday; day off; absence,EN
7037,5519,look; appearance,EN
7038,5519,spectacle; sight,EN
7039,5520,purity; innocence,EN
7040,5521,guidebook,EN
7041,5522,secret intention; ulterior motive,EN
7042,5522,"kanji ""heart"" radical at bottom",EN
7043,5523,recently; nowadays; these days; now; at present,EN
7044,5524,reward; prize,EN
7045,5525,gloom; melancholy,EN
7046,5525,spirit of yin,EN
7047,5526,Arab,EN
7048,5527,bud; flower bud,EN
7049,5527,promising young person; budding beauty,EN
7050,5528,who?,EN
7051,5529,section,EN
7052,5530,structure; construction; appearance,EN
7053,5530,posture (e.g. in martial arts); pose; stance,EN
7054,5531,rough sketch,EN
7055,5532,progress,EN
7056,5533,lack of harmony,EN
7057,5534,stroboscope; strobe lamp; stroboscopic lamp,EN
7058,5535,hour,EN
7059,5536,(photographic) negative,EN
7060,5537,stethoscope,EN
7061,5538,patient's chart; clinical records,EN
7062,5538,"record (e.g. student, equipment maintenance, etc.)",EN
7063,5539,Santa Claus,EN
7064,5540,face; official stance; public position or attitude (as opposed to private thoughts),EN
7065,5540,ceremony for the erection of the framework of a house,EN
7066,5541,various kinds of small trees; assorted trees,EN
7067,5542,residence; estate; grounds; premises; mansion,EN
7068,5543,encore,EN
7069,5544,(table) napkin; serviette,EN
7070,5544,sanitary napkin; sanitary pad,EN
7071,5545,feebleness; weakness; weak,EN
7072,5546,dump,EN
7073,5546,dump truck,EN
7074,5547,game under lights (e.g. baseball); night game,EN
7075,5548,unlucky day,EN
7076,5549,war; campaign; battle,EN
7077,5549,unpaid work (ritsuryo system); forced labor,EN
7078,5550,sports car,EN
7079,5551,guidance; guide; introduction; guideline,EN
7080,5552,outline; summary; gist; in brief,EN
7081,5553,static,EN
7082,5554,hail (esp. hailballs under 5 mm); graupel,EN
7083,5554,dicing; small cubes; bites,EN
7084,5555,main; principal; important,EN
7085,5556,infiltration; sneaking in,EN
7086,5557,far; far away; distant; remote; far off,EN
7087,5558,clutch hit; run-scoring hit; RBI hit,EN
7088,5559,limit; localize; localise,EN
7089,5560,approximate age; apparent age,EN
7090,5560,marriageable age (esp. of a woman); age of independence; age of adulthood,EN
7091,5561,every month,EN
7092,5561,trite; common,EN
7093,5562,"drive-in (bank, cinema, etc.)",EN
7094,5562,roadside restaurant; rest stop,EN
7095,5563,common; customary,EN
7096,5564,tedious; boring; being fed up with,EN
7097,5565,you (referring to someone of equal or lower status),EN
7098,5565,dear (what a wife calls a husband),EN
7099,5566,thrift; economy; frugality,EN
7100,5567,borrowing,EN
7101,5568,look (or turn) the other way,EN
7102,5569,living; live,EN
7103,5570,attendant; companion,EN
7104,5571,somewhere; anywhere; in some respects,EN
7105,5572,X-ray,EN
7106,5572,roentgen (unit of ionizing radiation),EN
7107,5573,commercial (e.g. TV),EN
7108,5574,intellectual; egghead,EN
7109,5574,intelligentsia,EN
7110,5575,a little; partially; somewhat; slightly; semi-; -ish; on the ... side; a short time; a while,EN
7111,5576,Yang energy; spirit,EN
7112,5577,solidly built; tightly; shrewd; calculating,EN
7113,5578,truth; reality,EN
7114,5578,sincerity; honesty; integrity; fidelity,EN
7115,5579,swap; exchange,EN
7116,5580,honey,EN
7117,5581,inflation,EN
7118,5582,patrol car,EN
7119,5583,daily allowance,EN
7120,5584,air mail,EN
7121,5585,new student; freshman; first-year student,EN
7122,5586,tissue paper; tissue; facial tissue; facial tissues,EN
7123,5587,promise; prediction,EN
7124,5588,"ball (for sport, games, etc.)",EN
7125,5588,kemari; type of football played by courtiers in ancient Japan,EN
7126,5589,fence; paling; railing,EN
7127,5590,feces; excrement; shit,EN
7128,5591,waitress,EN
7129,5592,freebie (e.g. with a purchase); something additional; bonus; an extra,EN
7130,5592,price reduction; discount,EN
7131,5593,interchange; service interchange,EN
7132,5594,teamwork,EN
7133,5595,set; suit; uniform collection; matching items,EN
7134,5595,entirely; all; every one; nothing but,EN
7135,5596,curtain; hanging; bunting,EN
7136,5597,folk customs; folkways; ethnic customs,EN
7137,5598,overflowing; flood; inundation; deluge,EN
7138,5598,oversupply; plethora,EN
7139,5599,unanimous; whole audience,EN
7140,5600,sit down; seat,EN
7141,5601,preliminary investigation; preparation,EN
7142,5602,too serious; person who is too serious; honesty; sincerity,EN
7143,5603,staying up late; keeping late hours; sitting up late at night; nighthawk; night owl,EN
7144,5604,friendly; heartfelt; tender,EN
7145,5605,intercom,EN
7146,5606,comeback,EN
7147,5607,coordinate; coordinates,EN
7148,5608,handstand; headstand,EN
7149,5609,land near a castle,EN
7150,5609,castle town,EN
7151,5610,model; standard; pattern; norm; criterion; example,EN
7152,5611,police officer,EN
7153,5612,immediately; at once; directly,EN
7154,5612,soon; before long; shortly,EN
7155,5613,nursing; (protective) care,EN
7156,5614,demonstration,EN
7157,5615,chin; jaw,EN
7158,5616,cheating,EN
7159,5617,once; some time ago,EN
7160,5618,drop (of water); drip,EN
7161,5619,pawn,EN
7162,5620,end; close; finish; termination,EN
7163,5620,noh dance in plain clothes,EN
7164,5621,last on the list; at the bottom,EN
7165,5622,volume,EN
7166,5623,servant (esp. a samurai's attendant),EN
7167,5623,chivalrous man (c. Edo period),EN
7168,5624,calling on; visiting,EN
7169,5625,"romaji; romanization; romanisation; transliteration of Japanese in Latin or ""Roman"" letters",EN
7170,5625,Latin alphabet; Roman alphabet,EN
7171,5626,motel,EN
7172,5626,drive-in love hotel,EN
7173,5627,pardon; forgiveness; forbearance,EN
7174,5628,beak; bill,EN
7175,5629,nonsense,EN
7176,5630,orientation,EN
7177,5631,writing down from other written material; writing kanji text from hiragana,EN
7178,5631,transcription (of spoken material),EN
7179,5632,secret; private; surreptitious,EN
7180,5633,turning by hand; hand-turned; hand-cranked,EN
7181,5633,preparations; arrangements,EN
7182,5634,tumour; tumor; growth; boil; ulcer; abscess; rash; pimple,EN
7183,5635,tea ceremony,EN
7184,5636,rival; opponent; adversary; competitor; enemy (esp. one with which there is longstanding enmity); foe,EN
7185,5636,revenge,EN
7186,5637,Dear (so and so); Dear Sir; Dear Madam; To Whom It May Concern,EN
7187,5638,uncertain; vague; ambiguous,EN
7188,5639,neurosis; nervous breakdown; mental problem; identity crisis; obsession,EN
7189,5640,plan; scheme; project; program; programme; intention; goal,EN
7190,5641,telex; teletypewriter exchange,EN
7191,5642,electrical transistor,EN
7192,5643,strike (i.e. industrial action),EN
7193,5644,poverty; destitution; privation; indigence; penury,EN
7194,5645,boycott,EN
7195,5646,comment; criticism,EN
7196,5647,sound or act of dragging,EN
7197,5647,slowly slipping or drawing back; slithering,EN
7198,5648,pamper; make a fuss of; spoil,EN
7199,5649,opposite side,EN
7200,5650,kotatsu; table over an electric heater (orig. a charcoal brazier in a floor well) with a hanging quilt that retains heat,EN
7201,5651,chemical combination,EN
7202,5652,weight,EN
7203,5653,fresh; refreshing; invigorating,EN
7204,5653,clear (e.g. voice); fluent; eloquent,EN
7205,5654,the defensive,EN
7206,5654,passive attitude; passivity; passiveness,EN
7207,5655,revolution; rotation,EN
7208,5656,reimbursement; compensation; reparation; indemnity,EN
7209,5657,Shinto shrine,EN
7210,5658,heartbroken; crestfallen; dejected; disappointed,EN
7211,5659,each; every,EN
7212,5660,temple bell; hanging bell; funeral bell,EN
7213,5661,lunch; midday meal,EN
7214,5662,resignation; acceptance; consolation,EN
7215,5663,rude; careless; slovenly,EN
7216,5664,hot topic; talk of the town,EN
7217,5665,dressed up; wearing rich clothes,EN
7218,5666,being disheartened; losing weight,EN
7219,5667,plan; idea; suggestion,EN
7220,5668,closing up; fastening the doors,EN
7221,5669,left-hand radical of a character,EN
7222,5670,(about) middle; midway,EN
7223,5671,parting,EN
7224,5672,rear; rear unit guard,EN
7225,5672,anchor (man),EN
7226,5673,dotted line; perforated line,EN
7227,5674,mental arithmetic,EN
7228,5675,custom; conventional practice; mores; ordinance,EN
7229,5676,too big; baggy,EN
7230,5677,"things dried in the sun (esp. clothes, dyed cloth, etc.)",EN
7231,5678,body build; figure,EN
7232,5679,tail (animal),EN
7233,5680,month before last,EN
7234,5681,deep feeling; inexpressible feeling; filled with emotion,EN
7235,5682,"solemn (e.g. ceremony, atmosphere); austere; majestic; dignified; stately; awful; impressive",EN
7236,5683,artistry; good taste; elegance; grace,EN
7237,5684,rust,EN
7238,5685,"that way (direction distant from the speaker, close to the listener)",EN
7239,5685,"there (place distant from the speaker, close to the listener)",EN
7240,5686,carpet; rug; runner,EN
7241,5687,past events; bygones,EN
7242,5688,which,EN
7243,5689,quick temper; short temper,EN
7244,5690,waiting on a table; serving (at dinner),EN
7245,5690,waiter; waitress; waitperson; server; cabin boy; bellboy; page; pageboy,EN
7246,5691,"spring (e.g. coil, leaf); mainspring; power spring",EN
7247,5692,metal rod; metal bar; iron rod; crowbar,EN
7248,5692,iron club; iron staff with rings on top (traditionally used by night watchmen),EN
7249,5693,"kanji used as a phonetic symbol, instead of for the meaning; phonetic-equivalent character; substitute character",EN
7250,5693,"kanji used for their meaning, irrespective of reading",EN
7251,5694,mischief; prank; trick; practical joke,EN
7252,5694,pastime; hobby,EN
7253,5695,depression; melancholy; dejection; gloom,EN
7254,5696,ornamentation; embellishment; decoration; adornment; polish up (writing),EN
7255,5696,modification; qualification,EN
7256,5697,anger (held in check); irritation; rage,EN
7257,5698,dark brown; olive brown,EN
7258,5699,disposition; nature,EN
7259,5700,France,EN
7260,5701,connection; relation,EN
7261,5702,nursing; looking after,EN
7262,5703,particle; postposition,EN
7263,5704,plentiful; abundant; lavish,EN
7264,5705,virus,EN
7265,5706,nephew,EN
7266,5707,nearsightedness; shortsightedness; myopia,EN
7267,5708,liar (sometimes said with not much seriousness); fibber,EN
7268,5709,moment; brief time; brief; transient,EN
7269,5710,going off duty,EN
7270,5711,relation(ship),EN
7271,5712,flattery; compliment,EN
7272,5713,show; exhibition; spectacle,EN
7273,5714,barefoot,EN
7274,5714,"superior to (a professional, etc. in ability or achievement)",EN
7275,5715,typist,EN
7276,5716,surprise (e.g. surprise party),EN
7277,5717,subfamily,EN
7278,5718,saw,EN
7279,5718,musical saw,EN
7280,5719,diaper; nappy; napkin,EN
7281,5720,blink (of eyes); wink,EN
7282,5720,twinkling (of stars); flicker (of light); blink (of light),EN
7283,5721,semi-express train; local express train; sub-express train; slower than an express (more stops),EN
7284,5722,protein,EN
7285,5723,pile; pool; collection,EN
7286,5723,gathering spot,EN
7287,5724,division,EN
7288,5725,precipitation; deposition; settlement (e.g. of sediment),EN
7289,5726,contrary; opposite; inverse,EN
7290,5727,general statement; outline,EN
7291,5728,complete recovery of health,EN
7292,5729,group (of living things); crowd; community,EN
7293,5730,palm (of one's hand),EN
7294,5731,son (of others),EN
7295,5731,young master,EN
7296,5732,treasured article or vessel; outstanding individual,EN
7297,5733,misprint,EN
7298,5734,beautiful passage of literature,EN
7299,5735,chattering; talk; idle talk; chat; chitchat; gossip,EN
7300,5735,chatty; talkative; chatterbox; blabbermouth,EN
7301,5736,screwdriver,EN
7302,5737,loose; baggy,EN
7303,5737,overflowing; brimming,EN
7304,5738,grace (of God); benevolence (of Buddha); blessing,EN
7305,5738,assistance; help; aid,EN
7306,5739,"expectation that something took place, will take place or was in some state; it should be so; bound to be; expected to be; must be",EN
7307,5739,nock (of a bow),EN
7308,5740,different opinion; objection,EN
7309,5741,right or wrong; good or bad; merits or demerits; quality; suitability,EN
7310,5742,poor work; rubbish,EN
7311,5743,(oral) message; declaration; hearsay; rumour; rumor,EN
7312,5744,karuta; traditional Japanese playing cards,EN
7313,5745,change of post,EN
7314,5746,packing; baling; crating,EN
7315,5747,working together; (husband and wife) earning a living together,EN
7316,5748,gradually; here and there; spots; pimples,EN
7317,5749,distillation,EN
7318,5750,dainty; delicate; slender; slim and elegant,EN
7319,5750,fragile (e.g. furniture); delicate; frail,EN
7320,5751,in three days' time; two days after tomorrow,EN
7321,5752,"not writing or contacting for a while; neglecting (failing) to write (call, visit, etc.); long silence",EN
7322,5753,playing wind instruments,EN
7323,5754,husband; groom,EN
7324,5754,(one's) son-in-law,EN
7325,5755,feast; treating (someone),EN
7326,5756,paralysis; palsy; numbness; stupor,EN
7327,5757,saliva; spit; sputum,EN
7328,5758,large building; building with a long roof,EN
7329,5759,eyelid; eyelids,EN
7330,5760,absurd; unreasonable; nonsensical; preposterous; incoherent,EN
7331,5760,extreme; senseless; reckless; wanton,EN
7332,5761,reading; translation,EN
7333,5762,sphere; circle; range,EN
7334,5762,"category (only in the context of ""category theory"")",EN
7335,5763,common reed (Phragmites australis),EN
7336,5764,there; over there; that place; yonder; you-know-where,EN
7337,5764,genitals; private parts; nether regions,EN
7338,5765,cheek,EN
7339,5766,scorn; disdain; contempt,EN
7340,5767,a little; a small quantity,EN
7341,5768,open-air fire (e.g. for garden refuse); bonfire,EN
7342,5768,open fire (e.g. in a kitchen),EN
7343,5769,charming; fascinating; voluptuous,EN
7344,5770,iron scraps,EN
7345,5771,(foot) race; sprint,EN
7346,5772,selfishness; egoism; self-indulgence; wilfulness; willfulness,EN
7347,5772,disobedience,EN
7348,5773,waiting room,EN
7349,5774,anger,EN
7350,5775,frank; open-hearted,EN
7351,5776,synthetic fibres; synthetic fibers,EN
7352,5777,oversleeping; late riser,EN
7353,5778,beast (i.e. any animal other than man),EN
7354,5778,person reborn into the animal realm,EN
7355,5779,two days before yesterday; three days back (ago),EN
7356,5780,soaked; dripping wet,EN
7357,5781,presence; dignity,EN
7358,5782,late at night; small hours of the morning,EN
7359,5783,week before last,EN
7360,5784,sudden; abrupt; unexpected; improvised; hasty; offhand,EN
7361,5784,impromptu skit,EN
7362,5785,udon; thick Japanese wheat noodles,EN
7363,5786,curio; antique,EN
7364,5787,grandfather,EN
7365,5787,male senior-citizen,EN
7366,5788,dizziness; giddiness; vertigo,EN
7367,5789,Yours sincerely; Yours truly; Sincerely yours,EN
7368,5790,cavity; hollow; void,EN
7369,5791,cowardice; timidity,EN
7370,5792,auxiliary verb,EN
7371,5793,germ; germs; bacteria; mold; mould,EN
7372,5793,something harmful; vermin,EN
7373,5794,conjunction,EN
7374,5795,spots; speckles; mottles,EN
7375,5796,lye,EN
7376,5796,harsh taste; astringency,EN
7377,5797,uchiwa; type of traditional Japanese handheld fan,EN
7378,5798,settlement; conclusion; summary,EN
7379,5799,affected; smug; pompous; conceited; snobby; pretentious,EN
7380,5800,excellence,EN
7381,5801,looking away; looking aside,EN
7382,5802,neglect; negligence; carelessness,EN
7383,5803,tea-towel; dish cloth,EN
7384,5804,dirt; filth; grime,EN
7385,5804,account (e.g. online service),EN
7386,5805,particle; atom; little piece,EN
7387,5805,not at all; not the slightest,EN
7388,5806,getting nervous; irritation,EN
7389,5807,bedding; bedclothes,EN
7390,5808,transitive verb (direct obj.),EN
7391,5809,itemized form; itemised form; itemization; itemisation,EN
7392,5810,clashing of swords; felling of trees; ringing of an ax,EN
7393,5811,scissors; shears; clippers,EN
7394,5811,hole punch,EN
7395,5812,stinginess; miser; miserliness; selfishness,EN
7396,5813,apology; excuse,EN
7397,5814,(flash of) lightning,EN
7398,5815,grandmother,EN
7399,5815,old woman; female senior citizen,EN
7400,5816,dustpan,EN
7401,5817,here and there; all around; everywhere; throughout; all over,EN
7402,5818,outline; summary; argument,EN
7403,5819,wrinkle; crease,EN
7404,5819,ripple,EN
7405,5820,methodical; punctual; steady,EN
7406,5821,moment; instant,EN
7407,5822,intransitive verb (no direct obj.),EN
7408,5823,pretension; conceit; hubris,EN
7409,5824,refusal,EN
7410,5825,inspector (third highest of the four administrative ranks of the ritsuryo system),EN
7411,5825,(noh) old man,EN
7412,5826,something small or petty; trifle,EN
7413,5827,excreta; raw sewage; human waste; night soil,EN
7414,5828,lower official,EN
7415,5829,everywhere; somewhere; approximately; that area; around there,EN
7416,5830,strap (to hang onto),EN
7417,5831,"fourth sign of Chinese zodiac (The Hare, 5am-7am, east, February)",EN
7418,5832,coherence; consistency,EN
7419,5833,hammer,EN
7420,5833,hopeless swimmer; complete beginner at swimming; someone who sinks like a stone,EN
7421,5834,"slack; slackening; sagginess; flabbiness (skin, etc.)",EN
7422,5834,dullness; letdown; depression; ennui,EN
7423,5835,numeral,EN
7424,5836,hiccough; hiccup,EN
7425,5837,"heel (of foot, shoe, stocking, etc.)",EN
7426,5838,treetop; tip of a branch,EN
7427,5839,pimple; acne,EN
7428,5840,"rock, paper, scissors game",EN
7429,5841,irresponsible utterance; nonsense; bullshit; codswallop,EN
7430,5841,random; haphazard; unsystematic,EN
7431,5842,euphemistic; circumlocution; roundabout; indirect,EN
7432,5843,straw,EN
7433,5844,constable; policeman,EN
7434,5845,sigh,EN
7435,5845,grief; lamentation,EN
7436,5846,cage; pen; jail cell; gaol cell,EN
7437,5847,navel; belly button,EN
7438,5847,protrusion or depression in the middle of an object,EN
7439,5848,good and evil; purity and impurity,EN
7440,5848,voiced and unvoiced consonants,EN
7441,5849,discipline; training; teaching manners,EN
7442,5850,snoring; snore,EN
7443,5851,rag; scrap; tattered clothes,EN
7444,5851,"fault (esp. in a pretense, pretence); defect",EN
7445,5852,passing each other; crossing paths without meeting; being at cross purposes,EN
7446,5853,arrangement; plan; programme; program,EN
7447,5854,shaking head in refusal (to children),EN
7448,5855,sneeze,EN
7449,5856,unity; coherence; consistency; coordination,EN
7450,5856,settlement; conclusion; completion,EN
7451,5857,lottery; drawn lot,EN
7452,5858,monthly installment (instalment); monthly payment,EN
7453,5859,son,EN
7454,5859,punk; brat,EN
7455,5860,gargling; rinsing one's mouth,EN
